PRAGMA foreign_keys=OFF;
BEGIN TRANSACTION;

INSERT INTO clinic_staff (id,name,role,phone,email,is_active,created_at,updated_at,is_deleted,version) VALUES ('540f953c-fbe7-4a39-80af-c269f7a2d1bf','Ашуркова Ирина Викторовна','vet','+7 701 111 0001','ashurova@vetclinic.kz',1,'2026-05-31 12:00:00','2026-05-31 12:00:00',0,1);
INSERT INTO clinic_staff (id,name,role,phone,email,is_active,created_at,updated_at,is_deleted,version) VALUES ('f63d1c37-db34-4640-b8a8-3166762c66c7','Сейткали Айгерим Берікқызы','vet','+7 702 222 0002','seitkali@vetclinic.kz',1,'2026-05-31 12:00:00','2026-05-31 12:00:00',0,1);
INSERT INTO clinic_staff (id,name,role,phone,email,is_active,created_at,updated_at,is_deleted,version) VALUES ('bc31b973-eaef-4ab0-9f36-6c7ddbd7297b','Попов Дмитрий Александрович','surgeon','+7 705 333 0003','popov@vetclinic.kz',1,'2026-05-31 12:00:00','2026-05-31 12:00:00',0,1);
INSERT INTO clinic_staff (id,name,role,phone,email,is_active,created_at,updated_at,is_deleted,version) VALUES ('ea1d64f3-a266-415f-9600-8a236536504a','Нурланова Жанар Сейтқалиевна','vet_assistant','+7 707 444 0004','',1,'2026-05-31 12:00:00','2026-05-31 12:00:00',0,1);
INSERT INTO clinic_staff (id,name,role,phone,email,is_active,created_at,updated_at,is_deleted,version) VALUES ('74432d7d-6bb9-4b4d-b995-1a56683387cc','Ким Анастасия Юрьевна','admin','+7 708 555 0005','kim@vetclinic.kz',1,'2026-05-31 12:00:00','2026-05-31 12:00:00',0,1);

INSERT INTO owners (id,fio,iin,phone,address,notes,created_at,updated_at,is_deleted,version) VALUES ('53c7db22-93fa-48ec-8f91-6d7cd365a6c9','Жакупова Дина Ержановна','910101300123','+7 701 234 5678','г. Алматы, ул. Абая 12, кв. 5','','2026-05-31 12:00:00','2026-05-31 12:00:00',0,1);
INSERT INTO owners (id,fio,iin,phone,address,notes,created_at,updated_at,is_deleted,version) VALUES ('da2a936c-91c6-4788-8262-780d8768b912','Сабитов Канат Мейрамович','850515400234','+7 702 345 6789','г. Алматы, пр. Достык 88, кв. 12','','2026-05-31 12:00:00','2026-05-31 12:00:00',0,1);
INSERT INTO owners (id,fio,iin,phone,address,notes,created_at,updated_at,is_deleted,version) VALUES ('acdff566-26b4-4929-98df-651674ce7471','Ерболатова Гульмира Асановна','920320500345','+7 705 456 7890','г. Алматы, ул. Тимирязева 42','','2026-05-31 12:00:00','2026-05-31 12:00:00',0,1);
INSERT INTO owners (id,fio,iin,phone,address,notes,created_at,updated_at,is_deleted,version) VALUES ('68616e5f-ed77-4cad-9194-a79946d3a27d','Соколов Андрей Викторович','780405600456','+7 707 567 8901','г. Алматы, мкр. Алтай 3, д. 7','','2026-05-31 12:00:00','2026-05-31 12:00:00',0,1);
INSERT INTO owners (id,fio,iin,phone,address,notes,created_at,updated_at,is_deleted,version) VALUES ('c54d4d7b-5067-47f8-9a36-6cbc29f810dd','Нурмагамбетова Айгуль Бекова','950612700567','+7 708 678 9012','г. Алматы, ул. Розыбакиева 101','','2026-05-31 12:00:00','2026-05-31 12:00:00',0,1);
INSERT INTO owners (id,fio,iin,phone,address,notes,created_at,updated_at,is_deleted,version) VALUES ('83c0b3d4-c285-4670-923c-2436724225a0','Петрова Ольга Сергеевна','830728800678','+7 701 789 0123','г. Алматы, ул. Байтурсынова 15','','2026-05-31 12:00:00','2026-05-31 12:00:00',0,1);
INSERT INTO owners (id,fio,iin,phone,address,notes,created_at,updated_at,is_deleted,version) VALUES ('897b7273-5e18-4af1-a650-4c323bb2d840','Кожамкулов Серик Амангельдиевич','760910900789','+7 702 890 1234','г. Алматы, мкр. Мамыр 2, д. 44','','2026-05-31 12:00:00','2026-05-31 12:00:00',0,1);
INSERT INTO owners (id,fio,iin,phone,address,notes,created_at,updated_at,is_deleted,version) VALUES ('e089d925-45d0-44c8-af74-3ffffbfde4b7','Бекова Малика Рустемовна','980105300890','+7 705 901 2345','г. Алматы, ул. Панфилова 56, кв. 8','','2026-05-31 12:00:00','2026-05-31 12:00:00',0,1);
INSERT INTO owners (id,fio,iin,phone,address,notes,created_at,updated_at,is_deleted,version) VALUES ('37867181-3e3b-4cd2-b5f2-3e2b1b3b52f2','Григорьев Павел Иванович','890214400901','+7 707 012 3456','г. Алматы, пр. Аль-Фараби 77','','2026-05-31 12:00:00','2026-05-31 12:00:00',0,1);
INSERT INTO owners (id,fio,iin,phone,address,notes,created_at,updated_at,is_deleted,version) VALUES ('daa79067-8c0a-461e-a045-ad1f5f9f011e','Алиева Зарина Маратовна','930318500012','+7 708 123 4567','г. Алматы, ул. Жандосова 48','','2026-05-31 12:00:00','2026-05-31 12:00:00',0,1);
INSERT INTO owners (id,fio,iin,phone,address,notes,created_at,updated_at,is_deleted,version) VALUES ('cec27217-578e-4ff2-b3e9-2153dcce37e4','Усенов Бауыржан Оразалиевич','840522600123','+7 701 234 6789','г. Алматы, ул. Саина 12','','2026-05-31 12:00:00','2026-05-31 12:00:00',0,1);
INSERT INTO owners (id,fio,iin,phone,address,notes,created_at,updated_at,is_deleted,version) VALUES ('3fd41771-45d6-4f5e-92b0-4e7269d57872','Воронова Наталья Дмитриевна','970727700234','+7 702 345 7890','г. Алматы, мкр. Орбита 1, д. 3','','2026-05-31 12:00:00','2026-05-31 12:00:00',0,1);
INSERT INTO owners (id,fio,iin,phone,address,notes,created_at,updated_at,is_deleted,version) VALUES ('0bc4abd4-8d01-4d8a-ad56-bf247f986ca0','Мусаев Азамат Ерланович','010930800345','+7 705 456 8901','г. Алматы, ул. Навои 208','','2026-05-31 12:00:00','2026-05-31 12:00:00',0,1);
INSERT INTO owners (id,fio,iin,phone,address,notes,created_at,updated_at,is_deleted,version) VALUES ('ffebcbb7-28ec-489f-abbb-760cbe0fbed2','Ким Алина Сергеевна','940115900456','+7 707 567 9012','г. Алматы, пр. Гагарина 155','','2026-05-31 12:00:00','2026-05-31 12:00:00',0,1);
INSERT INTO owners (id,fio,iin,phone,address,notes,created_at,updated_at,is_deleted,version) VALUES ('2da1d62f-3974-46ee-9825-77fc2691ea26','Турлыбекова Айна Сейтқалиевна','000405300567','+7 708 678 0123','г. Алматы, ул. Ауэзова 60, кв. 3','','2026-05-31 12:00:00','2026-05-31 12:00:00',0,1);
INSERT INTO owners (id,fio,iin,phone,address,notes,created_at,updated_at,is_deleted,version) VALUES ('665f8e11-a0dd-4290-9e30-f9da932bd6bc','Чернов Игорь Анатольевич','860610400678','+7 701 789 1234','г. Алматы, ул. Сейфуллина 400','','2026-05-31 12:00:00','2026-05-31 12:00:00',0,1);
INSERT INTO owners (id,fio,iin,phone,address,notes,created_at,updated_at,is_deleted,version) VALUES ('41d7bdad-a75f-4876-9a3a-b010457bc241','Ахметова Санем Бекжанқызы','910814500789','+7 702 890 2345','г. Алматы, мкр. Думан 5, д. 12','','2026-05-31 12:00:00','2026-05-31 12:00:00',0,1);
INSERT INTO owners (id,fio,iin,phone,address,notes,created_at,updated_at,is_deleted,version) VALUES ('0dd63301-db95-4bd9-948a-2aa5053115bb','Лебедева Татьяна Михайловна','750920600890','+7 705 901 3456','г. Алматы, ул. Жибек Жолы 50','','2026-05-31 12:00:00','2026-05-31 12:00:00',0,1);
INSERT INTO owners (id,fio,iin,phone,address,notes,created_at,updated_at,is_deleted,version) VALUES ('605fe0e4-402e-4d05-b473-fc30203e968a','Оспанов Нуржан Дариевич','931025700901','+7 707 012 4567','г. Алматы, пр. Рыскулова 18','','2026-05-31 12:00:00','2026-05-31 12:00:00',0,1);
INSERT INTO owners (id,fio,iin,phone,address,notes,created_at,updated_at,is_deleted,version) VALUES ('f582a7e9-763d-4c73-8ca2-652dd5bf1907','Семёнова Вероника Павловна','881130800012','+7 708 123 5678','г. Алматы, ул. Толе би 113','','2026-05-31 12:00:00','2026-05-31 12:00:00',0,1);
INSERT INTO owners (id,fio,iin,phone,address,notes,created_at,updated_at,is_deleted,version) VALUES ('b00e6ddc-c4fa-41e9-9f62-ac32ae099de6','Байжанов Ерлан Маратович','720315900123','+7 701 234 7890','г. Алматы, ул. Карасай батыра 5','','2026-05-31 12:00:00','2026-05-31 12:00:00',0,1);
INSERT INTO owners (id,fio,iin,phone,address,notes,created_at,updated_at,is_deleted,version) VALUES ('b0df9560-301e-4e40-8ba2-f8924aed2422','Назарова Сауле Амангелдиевна','960420300234','+7 702 345 8901','г. Алматы, мкр. Калкаман 2, д. 7','','2026-05-31 12:00:00','2026-05-31 12:00:00',0,1);
INSERT INTO owners (id,fio,iin,phone,address,notes,created_at,updated_at,is_deleted,version) VALUES ('f5f22f50-eb31-4e31-a1d1-78e130ad8449','Коваленко Максим Юрьевич','810525400345','+7 705 456 9012','г. Алматы, ул. Бальзак 8, кв. 22','','2026-05-31 12:00:00','2026-05-31 12:00:00',0,1);
INSERT INTO owners (id,fio,iin,phone,address,notes,created_at,updated_at,is_deleted,version) VALUES ('16c7d7d7-800e-4bf9-9a07-601ca292b7af','Дюсенова Айнур Кенесовна','980630500456','+7 707 567 0123','г. Алматы, пр. Суюнбая 222','','2026-05-31 12:00:00','2026-05-31 12:00:00',0,1);
INSERT INTO owners (id,fio,iin,phone,address,notes,created_at,updated_at,is_deleted,version) VALUES ('84c543e1-391d-4358-80f0-5bd33d1b95ea','Романов Сергей Николаевич','650735600567','+7 708 678 1234','г. Алматы, ул. Момышулы 12','','2026-05-31 12:00:00','2026-05-31 12:00:00',0,1);

INSERT INTO pets (id,owner_id,name,type,gender,breed,color,weight,birth_date,status,notes,created_at,updated_at,is_deleted,version) VALUES ('1db8e3ec-f1eb-4bb9-9061-503180042ddf','53c7db22-93fa-48ec-8f91-6d7cd365a6c9','Дина','кошка','f','Британская','голубой',4.2,'2020-03-15','active','Стерилизована','2026-05-31 12:00:00','2026-05-31 12:00:00',0,1);
INSERT INTO pets (id,owner_id,name,type,gender,breed,color,weight,birth_date,status,notes,created_at,updated_at,is_deleted,version) VALUES ('29b43a63-03ff-436c-a565-60b123477587','53c7db22-93fa-48ec-8f91-6d7cd365a6c9','Мурзик','кот','m','Дворовый','полосатый',3.8,'2019-07-22','active','','2026-05-31 12:00:00','2026-05-31 12:00:00',0,1);
INSERT INTO pets (id,owner_id,name,type,gender,breed,color,weight,birth_date,status,notes,created_at,updated_at,is_deleted,version) VALUES ('21aa8aae-11ae-47dd-b374-8b6c171f0980','da2a936c-91c6-4788-8262-780d8768b912','Степан','собака','m','Немецкая овчарка','чёрно-рыжий',32.0,'2018-11-10','active','Вакцинирован ежегодно','2026-05-31 12:00:00','2026-05-31 12:00:00',0,1);
INSERT INTO pets (id,owner_id,name,type,gender,breed,color,weight,birth_date,status,notes,created_at,updated_at,is_deleted,version) VALUES ('a082cb29-b40a-4cfa-8f74-b30a062cad8e','acdff566-26b4-4929-98df-651674ce7471','Тобик','собака','m','Мопс','бежевый',7.5,'2021-05-03','active','МКБ в анамнезе','2026-05-31 12:00:00','2026-05-31 12:00:00',0,1);
INSERT INTO pets (id,owner_id,name,type,gender,breed,color,weight,birth_date,status,notes,created_at,updated_at,is_deleted,version) VALUES ('6c822ca9-8cce-45c5-a41a-feba5e7bfef6','68616e5f-ed77-4cad-9194-a79946d3a27d','Персик','кот','m','Персидский','рыжий',5.1,'2020-09-18','active','','2026-05-31 12:00:00','2026-05-31 12:00:00',0,1);
INSERT INTO pets (id,owner_id,name,type,gender,breed,color,weight,birth_date,status,notes,created_at,updated_at,is_deleted,version) VALUES ('20cfd41a-fba1-42bd-bfb6-dfd107e48cf7','c54d4d7b-5067-47f8-9a36-6cbc29f810dd','Снежка','кошка','f','Сибирская','белый',4.5,'2022-01-12','active','','2026-05-31 12:00:00','2026-05-31 12:00:00',0,1);
INSERT INTO pets (id,owner_id,name,type,gender,breed,color,weight,birth_date,status,notes,created_at,updated_at,is_deleted,version) VALUES ('6e3b5c10-5208-48d5-950b-84ff259115cf','c54d4d7b-5067-47f8-9a36-6cbc29f810dd','Барон','собака','m','Лабрадор','шоколадный',28.0,'2019-04-25','active','Дисплазия ТБС','2026-05-31 12:00:00','2026-05-31 12:00:00',0,1);
INSERT INTO pets (id,owner_id,name,type,gender,breed,color,weight,birth_date,status,notes,created_at,updated_at,is_deleted,version) VALUES ('49569f6d-eb5c-46a4-bf4e-e241ea2660b1','83c0b3d4-c285-4670-923c-2436724225a0','Муся','кошка','f','Мейн-кун','тигровый',6.2,'2021-08-07','active','Стерилизована','2026-05-31 12:00:00','2026-05-31 12:00:00',0,1);
INSERT INTO pets (id,owner_id,name,type,gender,breed,color,weight,birth_date,status,notes,created_at,updated_at,is_deleted,version) VALUES ('ab0aa3c2-424f-44ea-bff1-029d022f60da','897b7273-5e18-4af1-a650-4c323bb2d840','Рекс','собака','m','Ротвейлер','чёрно-рыжий',42.0,'2017-12-01','active','Кастрирован','2026-05-31 12:00:00','2026-05-31 12:00:00',0,1);
INSERT INTO pets (id,owner_id,name,type,gender,breed,color,weight,birth_date,status,notes,created_at,updated_at,is_deleted,version) VALUES ('e280553d-7b53-4c49-a41d-11acc3ce675e','e089d925-45d0-44c8-af74-3ffffbfde4b7','Масик','кот','m','Шотландский','серый',4.8,'2023-02-14','active','','2026-05-31 12:00:00','2026-05-31 12:00:00',0,1);
INSERT INTO pets (id,owner_id,name,type,gender,breed,color,weight,birth_date,status,notes,created_at,updated_at,is_deleted,version) VALUES ('310419de-72ba-445c-aba5-3998cc146b4b','37867181-3e3b-4cd2-b5f2-3e2b1b3b52f2','Луна','кошка','f','Русская голубая','голубой',3.6,'2022-06-20','active','','2026-05-31 12:00:00','2026-05-31 12:00:00',0,1);
INSERT INTO pets (id,owner_id,name,type,gender,breed,color,weight,birth_date,status,notes,created_at,updated_at,is_deleted,version) VALUES ('31672d40-6984-450e-92e5-5d34f1a88a4e','daa79067-8c0a-461e-a045-ad1f5f9f011e','Бублик','собака','m','Бигль','трёхцветный',12.5,'2020-10-08','active','','2026-05-31 12:00:00','2026-05-31 12:00:00',0,1);
INSERT INTO pets (id,owner_id,name,type,gender,breed,color,weight,birth_date,status,notes,created_at,updated_at,is_deleted,version) VALUES ('8777e9fc-0d67-4c36-ac22-571a3a4a2e30','cec27217-578e-4ff2-b3e9-2153dcce37e4','Ричи','собака','m','Йоркширский терьер','рыжий',2.8,'2023-03-30','active','','2026-05-31 12:00:00','2026-05-31 12:00:00',0,1);
INSERT INTO pets (id,owner_id,name,type,gender,breed,color,weight,birth_date,status,notes,created_at,updated_at,is_deleted,version) VALUES ('abaf5595-4292-41ed-b9c4-457329e0e6cf','3fd41771-45d6-4f5e-92b0-4e7269d57872','Мия','кошка','f','Абиссинская','рыжий',3.4,'2021-11-25','active','Стерилизована','2026-05-31 12:00:00','2026-05-31 12:00:00',0,1);
INSERT INTO pets (id,owner_id,name,type,gender,breed,color,weight,birth_date,status,notes,created_at,updated_at,is_deleted,version) VALUES ('29e53a91-e713-4ea1-a31e-a874367a311f','0bc4abd4-8d01-4d8a-ad56-bf247f986ca0','Боня','кот','m','Дворовый','чёрный',5.5,'2018-05-14','active','','2026-05-31 12:00:00','2026-05-31 12:00:00',0,1);
INSERT INTO pets (id,owner_id,name,type,gender,breed,color,weight,birth_date,status,notes,created_at,updated_at,is_deleted,version) VALUES ('24416e1c-532b-4521-8181-84530cebee7f','ffebcbb7-28ec-489f-abbb-760cbe0fbed2','Ася','кошка','f','Бенгальская','леопардовый',4.0,'2022-04-02','active','','2026-05-31 12:00:00','2026-05-31 12:00:00',0,1);
INSERT INTO pets (id,owner_id,name,type,gender,breed,color,weight,birth_date,status,notes,created_at,updated_at,is_deleted,version) VALUES ('7977cd93-2b72-4fb8-b6ca-48a09d8fa8b5','2da1d62f-3974-46ee-9825-77fc2691ea26','Граф','кот','m','Мейн-кун','серебристый',7.8,'2020-07-19','active','','2026-05-31 12:00:00','2026-05-31 12:00:00',0,1);
INSERT INTO pets (id,owner_id,name,type,gender,breed,color,weight,birth_date,status,notes,created_at,updated_at,is_deleted,version) VALUES ('00fa7e93-775c-4876-ab56-bf053ffbf916','665f8e11-a0dd-4290-9e30-f9da932bd6bc','Чарли','собака','m','Французский бульдог','белый',12.0,'2021-09-05','active','','2026-05-31 12:00:00','2026-05-31 12:00:00',0,1);
INSERT INTO pets (id,owner_id,name,type,gender,breed,color,weight,birth_date,status,notes,created_at,updated_at,is_deleted,version) VALUES ('91ee7945-b3c4-4341-bbed-918fe0e8b00b','41d7bdad-a75f-4876-9a3a-b010457bc241','Белла','кошка','f','Сиамская','кремовый',3.2,'2023-01-17','active','','2026-05-31 12:00:00','2026-05-31 12:00:00',0,1);
INSERT INTO pets (id,owner_id,name,type,gender,breed,color,weight,birth_date,status,notes,created_at,updated_at,is_deleted,version) VALUES ('68024baa-0cae-4943-903a-4702d979a5cd','0dd63301-db95-4bd9-948a-2aa5053115bb','Жужа','собака','f','Такса','рыжий',7.0,'2019-06-28','active','Стерилизована','2026-05-31 12:00:00','2026-05-31 12:00:00',0,1);
INSERT INTO pets (id,owner_id,name,type,gender,breed,color,weight,birth_date,status,notes,created_at,updated_at,is_deleted,version) VALUES ('6b06a607-06b2-498e-b62e-cbf354631de0','605fe0e4-402e-4d05-b473-fc30203e968a','Тигр','кот','m','Тигровый','полосатый',4.3,'2021-03-11','active','','2026-05-31 12:00:00','2026-05-31 12:00:00',0,1);
INSERT INTO pets (id,owner_id,name,type,gender,breed,color,weight,birth_date,status,notes,created_at,updated_at,is_deleted,version) VALUES ('6b65f069-fb4b-49c3-82da-c8910147f393','f582a7e9-763d-4c73-8ca2-652dd5bf1907','Арчи','собака','m','Золотистый ретривер','золотистый',30.0,'2020-08-22','active','Кастрирован','2026-05-31 12:00:00','2026-05-31 12:00:00',0,1);
INSERT INTO pets (id,owner_id,name,type,gender,breed,color,weight,birth_date,status,notes,created_at,updated_at,is_deleted,version) VALUES ('5380ca58-3a64-42f0-9f0f-6ac09a061784','b00e6ddc-c4fa-41e9-9f62-ac32ae099de6','Китти','кошка','f','Британская','кремовый',3.7,'2022-12-05','active','','2026-05-31 12:00:00','2026-05-31 12:00:00',0,1);
INSERT INTO pets (id,owner_id,name,type,gender,breed,color,weight,birth_date,status,notes,created_at,updated_at,is_deleted,version) VALUES ('264ecb30-966a-4024-ae47-0344de2c4260','b0df9560-301e-4e40-8ba2-f8924aed2422','Пуговка','кошка','f','Персидская','белый',3.9,'2023-05-10','active','Стерилизована','2026-05-31 12:00:00','2026-05-31 12:00:00',0,1);
INSERT INTO pets (id,owner_id,name,type,gender,breed,color,weight,birth_date,status,notes,created_at,updated_at,is_deleted,version) VALUES ('78444091-7efb-4ca4-985d-053604675938','f5f22f50-eb31-4e31-a1d1-78e130ad8449','Ральф','собака','m','Доберман','чёрно-рыжий',35.0,'2018-02-16','active','','2026-05-31 12:00:00','2026-05-31 12:00:00',0,1);
INSERT INTO pets (id,owner_id,name,type,gender,breed,color,weight,birth_date,status,notes,created_at,updated_at,is_deleted,version) VALUES ('969a8a22-cd1d-4e7a-9455-7b0da337e849','16c7d7d7-800e-4bf9-9a07-601ca292b7af','Клёпа','кошка','f','Скоттиш-фолд','серый',3.5,'2022-09-08','active','','2026-05-31 12:00:00','2026-05-31 12:00:00',0,1);
INSERT INTO pets (id,owner_id,name,type,gender,breed,color,weight,birth_date,status,notes,created_at,updated_at,is_deleted,version) VALUES ('9134ac5d-00a8-4236-9cf3-903480fe88b7','84c543e1-391d-4358-80f0-5bd33d1b95ea','Байрон','собака','m','Хаски','серо-белый',22.0,'2021-12-24','active','','2026-05-31 12:00:00','2026-05-31 12:00:00',0,1);
INSERT INTO pets (id,owner_id,name,type,gender,breed,color,weight,birth_date,status,notes,created_at,updated_at,is_deleted,version) VALUES ('55472fd3-4bee-46d9-9851-d1f612f043cd','53c7db22-93fa-48ec-8f91-6d7cd365a6c9','Рыжик','кот','m','Дворовый','рыжий',4.1,'2020-11-30','active','','2026-05-31 12:00:00','2026-05-31 12:00:00',0,1);
INSERT INTO pets (id,owner_id,name,type,gender,breed,color,weight,birth_date,status,notes,created_at,updated_at,is_deleted,version) VALUES ('512059f2-3ce2-459b-b390-742593e20b5c','83c0b3d4-c285-4670-923c-2436724225a0','Дейзи','собака','f','Бишон-фризе','белый',5.5,'2022-07-15','active','Стерилизована','2026-05-31 12:00:00','2026-05-31 12:00:00',0,1);
INSERT INTO pets (id,owner_id,name,type,gender,breed,color,weight,birth_date,status,notes,created_at,updated_at,is_deleted,version) VALUES ('6f6df4d0-23a9-46c4-99d5-99652ddd7ced','daa79067-8c0a-461e-a045-ad1f5f9f011e','Зефир','кот','m','Рэгдолл','колорпойнт',7.2,'2021-04-20','active','','2026-05-31 12:00:00','2026-05-31 12:00:00',0,1);
INSERT INTO pets (id,owner_id,name,type,gender,breed,color,weight,birth_date,status,notes,created_at,updated_at,is_deleted,version) VALUES ('2b6eeb67-2e22-4b4d-9709-b5de5a8191b8','0bc4abd4-8d01-4d8a-ad56-bf247f986ca0','Герда','собака','f','Самоед','белый',20.0,'2020-01-08','active','Стерилизована','2026-05-31 12:00:00','2026-05-31 12:00:00',0,1);
INSERT INTO pets (id,owner_id,name,type,gender,breed,color,weight,birth_date,status,notes,created_at,updated_at,is_deleted,version) VALUES ('eb310481-eabc-4095-95cc-46feb8c906a2','0dd63301-db95-4bd9-948a-2aa5053115bb','Нуар','кот','m','Бомбей','чёрный',4.6,'2022-02-14','active','','2026-05-31 12:00:00','2026-05-31 12:00:00',0,1);
INSERT INTO pets (id,owner_id,name,type,gender,breed,color,weight,birth_date,status,notes,created_at,updated_at,is_deleted,version) VALUES ('91b3dc61-9971-450f-8435-669de1438100','f582a7e9-763d-4c73-8ca2-652dd5bf1907','Хани','собака','f','Корги','рыжий',12.0,'2021-07-03','active','Стерилизована','2026-05-31 12:00:00','2026-05-31 12:00:00',0,1);
INSERT INTO pets (id,owner_id,name,type,gender,breed,color,weight,birth_date,status,notes,created_at,updated_at,is_deleted,version) VALUES ('422a5854-3012-43d0-993b-395a90b55fac','f5f22f50-eb31-4e31-a1d1-78e130ad8449','Мотя','кот','m','Турецкая ангора','белый',5.0,'2019-10-25','active','','2026-05-31 12:00:00','2026-05-31 12:00:00',0,1);

INSERT INTO visits (id,pet_id,staff_id,visit_type,animal_weight,date,next_visit_date,patient_condition,anamnesis,diagnosis,treatment,notes,total_amount,created_at,updated_at,is_deleted,version) VALUES ('da240760-aee1-4b7a-8f9d-72807365187a','49569f6d-eb5c-46a4-bf4e-e241ea2660b1','540f953c-fbe7-4a39-80af-c269f7a2d1bf','вторичный',6.2,'2026-05-01T11:45:00',NULL,'тяжелое','Рвота, диарея, отказ от корма','Гастроэнтерит','Метронидазол, регидратация, пробиотики','Без особенностей',4000,'2026-05-31 12:00:00','2026-05-31 12:00:00',0,1);
INSERT INTO visit_items (id,visit_id,item_id,name,type,quantity,price,total,created_at,updated_at,is_deleted,version) VALUES ('cdf01c52-feaf-4efb-97d8-4cda3b562f5a','da240760-aee1-4b7a-8f9d-72807365187a',NULL,'Вторичный приём / осмотр','service',1,1800,1800,'2026-05-31 12:00:00','2026-05-31 12:00:00',0,1);
INSERT INTO visit_items (id,visit_id,item_id,name,type,quantity,price,total,created_at,updated_at,is_deleted,version) VALUES ('01cda5e5-b2f9-4e59-952a-ba83f93a472c','da240760-aee1-4b7a-8f9d-72807365187a',NULL,'Биохимический экспресс-анализ мочи','service',1,2000,2000,'2026-05-31 12:00:00','2026-05-31 12:00:00',0,1);
INSERT INTO visit_items (id,visit_id,item_id,name,type,quantity,price,total,created_at,updated_at,is_deleted,version) VALUES ('8ea2f51a-326c-4ad9-a0d6-51a87c8e2c13','da240760-aee1-4b7a-8f9d-72807365187a',NULL,'Взвешивание','service',1,200,200,'2026-05-31 12:00:00','2026-05-31 12:00:00',0,1);
INSERT INTO visits (id,pet_id,staff_id,visit_type,animal_weight,date,next_visit_date,patient_condition,anamnesis,diagnosis,treatment,notes,total_amount,created_at,updated_at,is_deleted,version) VALUES ('79e1a4c0-42ef-412c-8dcb-78cf897daa12','49569f6d-eb5c-46a4-bf4e-e241ea2660b1','bc31b973-eaef-4ab0-9f36-6c7ddbd7297b','вторичный',5.9,'2026-05-01T17:30:00',NULL,'средней тяжести','Выделения из глаз, слезотечение','Конъюнктивит','Капли Ципровет, промывание физраствором','Владелец соблюдает рекомендации',2000,'2026-05-31 12:00:00','2026-05-31 12:00:00',0,1);
INSERT INTO visit_items (id,visit_id,item_id,name,type,quantity,price,total,created_at,updated_at,is_deleted,version) VALUES ('d1703d96-0577-4a4c-87cf-a9af7b90bd37','79e1a4c0-42ef-412c-8dcb-78cf897daa12',NULL,'Вторичный приём / осмотр','service',1,1800,1800,'2026-05-31 12:00:00','2026-05-31 12:00:00',0,1);
INSERT INTO visit_items (id,visit_id,item_id,name,type,quantity,price,total,created_at,updated_at,is_deleted,version) VALUES ('e3c40192-9062-49e6-a5cf-d0b41806f447','79e1a4c0-42ef-412c-8dcb-78cf897daa12',NULL,'Взвешивание','service',1,200,200,'2026-05-31 12:00:00','2026-05-31 12:00:00',0,1);
INSERT INTO visits (id,pet_id,staff_id,visit_type,animal_weight,date,next_visit_date,patient_condition,anamnesis,diagnosis,treatment,notes,total_amount,created_at,updated_at,is_deleted,version) VALUES ('f2ab255e-2346-48d5-ba3f-2ab77acd3930','91b3dc61-9971-450f-8435-669de1438100','540f953c-fbe7-4a39-80af-c269f7a2d1bf','вторичный',11.9,'2026-05-02T17:00:00',NULL,'средней тяжести','Рвота, слюнотечение, угнетение','Отравление','Энтеросорбент, промывание желудка, капельница','Плановый осмотр',2200,'2026-05-31 12:00:00','2026-05-31 12:00:00',0,1);
INSERT INTO visit_items (id,visit_id,item_id,name,type,quantity,price,total,created_at,updated_at,is_deleted,version) VALUES ('1a042c7f-e16a-45d3-b470-b0d60b107b60','f2ab255e-2346-48d5-ba3f-2ab77acd3930',NULL,'Вторичный приём / осмотр','service',1,1800,1800,'2026-05-31 12:00:00','2026-05-31 12:00:00',0,1);
INSERT INTO visit_items (id,visit_id,item_id,name,type,quantity,price,total,created_at,updated_at,is_deleted,version) VALUES ('9355f22f-8ff3-4030-9b4f-d489cb5cd9f6','f2ab255e-2346-48d5-ba3f-2ab77acd3930',NULL,'Термометрия','service',1,200,200,'2026-05-31 12:00:00','2026-05-31 12:00:00',0,1);
INSERT INTO visit_items (id,visit_id,item_id,name,type,quantity,price,total,created_at,updated_at,is_deleted,version) VALUES ('cc6ff613-ac8a-40af-b672-6ccb9538a112','f2ab255e-2346-48d5-ba3f-2ab77acd3930',NULL,'Взвешивание','service',1,200,200,'2026-05-31 12:00:00','2026-05-31 12:00:00',0,1);
INSERT INTO visits (id,pet_id,staff_id,visit_type,animal_weight,date,next_visit_date,patient_condition,anamnesis,diagnosis,treatment,notes,total_amount,created_at,updated_at,is_deleted,version) VALUES ('a4b3c054-4cd0-4e27-9503-50de1a953f4c','422a5854-3012-43d0-993b-395a90b55fac','540f953c-fbe7-4a39-80af-c269f7a2d1bf','вторичный',5.2,'2026-05-02T18:30:00','2026-05-13','здоров','Периодическая рвота, отказ от корма','Гастрит','Маалокс, омепразол, диета','Содержится дома',2700,'2026-05-31 12:00:00','2026-05-31 12:00:00',0,1);
INSERT INTO visit_items (id,visit_id,item_id,name,type,quantity,price,total,created_at,updated_at,is_deleted,version) VALUES ('7f0a1705-04ba-495b-8bb9-029aa3417e8a','a4b3c054-4cd0-4e27-9503-50de1a953f4c',NULL,'Вторичный приём / осмотр','service',1,1800,1800,'2026-05-31 12:00:00','2026-05-31 12:00:00',0,1);
INSERT INTO visit_items (id,visit_id,item_id,name,type,quantity,price,total,created_at,updated_at,is_deleted,version) VALUES ('990e4def-8236-4345-b99f-f1e7da3d35d0','a4b3c054-4cd0-4e27-9503-50de1a953f4c',NULL,'Инъекция внутримышечно','service',1,500,500,'2026-05-31 12:00:00','2026-05-31 12:00:00',0,1);
INSERT INTO visit_items (id,visit_id,item_id,name,type,quantity,price,total,created_at,updated_at,is_deleted,version) VALUES ('4333c712-55f2-47b9-a3f6-c5a75b787320','a4b3c054-4cd0-4e27-9503-50de1a953f4c',NULL,'Термометрия','service',1,200,200,'2026-05-31 12:00:00','2026-05-31 12:00:00',0,1);
INSERT INTO visit_items (id,visit_id,item_id,name,type,quantity,price,total,created_at,updated_at,is_deleted,version) VALUES ('3d063b40-9cfb-4076-85e3-aaa7057683cc','a4b3c054-4cd0-4e27-9503-50de1a953f4c',NULL,'Взвешивание','service',1,200,200,'2026-05-31 12:00:00','2026-05-31 12:00:00',0,1);
INSERT INTO visits (id,pet_id,staff_id,visit_type,animal_weight,date,next_visit_date,patient_condition,anamnesis,diagnosis,treatment,notes,total_amount,created_at,updated_at,is_deleted,version) VALUES ('1f53c3a7-c4b6-458c-a1e7-d881d0287536','6c822ca9-8cce-45c5-a41a-feba5e7bfef6','bc31b973-eaef-4ab0-9f36-6c7ddbd7297b','вторичный',4.8,'2026-05-04T11:15:00','2026-05-17','удовлетворительное','Тряска головой, расчёсы у ушей','Ушной клещ','Амит форте, чистка ушей','Содержится дома',4000,'2026-05-31 12:00:00','2026-05-31 12:00:00',0,1);
INSERT INTO visit_items (id,visit_id,item_id,name,type,quantity,price,total,created_at,updated_at,is_deleted,version) VALUES ('3833f2f1-045f-4bba-aedb-97abf749273b','1f53c3a7-c4b6-458c-a1e7-d881d0287536',NULL,'Вторичный приём / осмотр','service',1,1800,1800,'2026-05-31 12:00:00','2026-05-31 12:00:00',0,1);
INSERT INTO visit_items (id,visit_id,item_id,name,type,quantity,price,total,created_at,updated_at,is_deleted,version) VALUES ('36486f08-e995-410e-a8c6-49e0ce166891','1f53c3a7-c4b6-458c-a1e7-d881d0287536',NULL,'Глубокий соскоб/отпечаток кожных покровов (1 стекло)','service',1,2000,2000,'2026-05-31 12:00:00','2026-05-31 12:00:00',0,1);
INSERT INTO visit_items (id,visit_id,item_id,name,type,quantity,price,total,created_at,updated_at,is_deleted,version) VALUES ('227d91a4-2d57-44a7-af93-decfd48f8e1d','1f53c3a7-c4b6-458c-a1e7-d881d0287536',NULL,'Взвешивание','service',1,200,200,'2026-05-31 12:00:00','2026-05-31 12:00:00',0,1);
INSERT INTO visits (id,pet_id,staff_id,visit_type,animal_weight,date,next_visit_date,patient_condition,anamnesis,diagnosis,treatment,notes,total_amount,created_at,updated_at,is_deleted,version) VALUES ('27afdc6e-1ff3-4ce9-93dd-e33709942be0','68024baa-0cae-4943-903a-4702d979a5cd','f63d1c37-db34-4640-b8a8-3166762c66c7','вторичный',6.7,'2026-05-04T14:45:00',NULL,'тяжелое','Зуд, краснота кожи, расчёсы','Аллергический дерматит','Цитопойнт, дексаметазон, антигистамин','Владелец соблюдает рекомендации',2200,'2026-05-31 12:00:00','2026-05-31 12:00:00',0,1);
INSERT INTO visit_items (id,visit_id,item_id,name,type,quantity,price,total,created_at,updated_at,is_deleted,version) VALUES ('e400df52-5788-4b9b-8444-39afad5af07c','27afdc6e-1ff3-4ce9-93dd-e33709942be0',NULL,'Вторичный приём / осмотр','service',1,1800,1800,'2026-05-31 12:00:00','2026-05-31 12:00:00',0,1);
INSERT INTO visit_items (id,visit_id,item_id,name,type,quantity,price,total,created_at,updated_at,is_deleted,version) VALUES ('db670bcc-6332-447d-b92f-8d1ec7c1a4e9','27afdc6e-1ff3-4ce9-93dd-e33709942be0',NULL,'Термометрия','service',1,200,200,'2026-05-31 12:00:00','2026-05-31 12:00:00',0,1);
INSERT INTO visit_items (id,visit_id,item_id,name,type,quantity,price,total,created_at,updated_at,is_deleted,version) VALUES ('3b012ac2-3445-4197-aa8d-cbb6c6db4892','27afdc6e-1ff3-4ce9-93dd-e33709942be0',NULL,'Взвешивание','service',1,200,200,'2026-05-31 12:00:00','2026-05-31 12:00:00',0,1);
INSERT INTO visits (id,pet_id,staff_id,visit_type,animal_weight,date,next_visit_date,patient_condition,anamnesis,diagnosis,treatment,notes,total_amount,created_at,updated_at,is_deleted,version) VALUES ('147449f7-9ce1-42ca-aad0-7c073b134f8e','6c822ca9-8cce-45c5-a41a-feba5e7bfef6','bc31b973-eaef-4ab0-9f36-6c7ddbd7297b','первичный',4.7,'2026-05-04T09:15:00',NULL,'здоров','Периодическая рвота, отказ от корма','Гастрит','Маалокс, омепразол, диета','',3000,'2026-05-31 12:00:00','2026-05-31 12:00:00',0,1);
INSERT INTO visit_items (id,visit_id,item_id,name,type,quantity,price,total,created_at,updated_at,is_deleted,version) VALUES ('41c73bed-96b1-4973-921e-f65ad8f3f727','147449f7-9ce1-42ca-aad0-7c073b134f8e',NULL,'Первичный приём','service',1,2500,2500,'2026-05-31 12:00:00','2026-05-31 12:00:00',0,1);
INSERT INTO visit_items (id,visit_id,item_id,name,type,quantity,price,total,created_at,updated_at,is_deleted,version) VALUES ('e01ae801-3492-4cef-9316-7650735ae798','147449f7-9ce1-42ca-aad0-7c073b134f8e',NULL,'Инъекция внутримышечно','service',1,500,500,'2026-05-31 12:00:00','2026-05-31 12:00:00',0,1);
INSERT INTO visits (id,pet_id,staff_id,visit_type,animal_weight,date,next_visit_date,patient_condition,anamnesis,diagnosis,treatment,notes,total_amount,created_at,updated_at,is_deleted,version) VALUES ('10e31576-2c13-4f19-8b14-e8ae6502f3b4','2b6eeb67-2e22-4b4d-9709-b5de5a8191b8','540f953c-fbe7-4a39-80af-c269f7a2d1bf','первичный',19.8,'2026-05-04T16:45:00',NULL,'здоров','Рвота, слюнотечение, угнетение','Отравление','Энтеросорбент, промывание желудка, капельница','',2900,'2026-05-31 12:00:00','2026-05-31 12:00:00',0,1);
INSERT INTO visit_items (id,visit_id,item_id,name,type,quantity,price,total,created_at,updated_at,is_deleted,version) VALUES ('10abbc5e-a600-4e45-b683-c71ae73e3977','10e31576-2c13-4f19-8b14-e8ae6502f3b4',NULL,'Первичный приём','service',1,2500,2500,'2026-05-31 12:00:00','2026-05-31 12:00:00',0,1);
INSERT INTO visit_items (id,visit_id,item_id,name,type,quantity,price,total,created_at,updated_at,is_deleted,version) VALUES ('55e0c10b-1515-4dba-a82f-e81837c58f52','10e31576-2c13-4f19-8b14-e8ae6502f3b4',NULL,'Термометрия','service',1,200,200,'2026-05-31 12:00:00','2026-05-31 12:00:00',0,1);
INSERT INTO visit_items (id,visit_id,item_id,name,type,quantity,price,total,created_at,updated_at,is_deleted,version) VALUES ('cb462922-68fe-4c22-a081-0ba5af3184c5','10e31576-2c13-4f19-8b14-e8ae6502f3b4',NULL,'Взвешивание','service',1,200,200,'2026-05-31 12:00:00','2026-05-31 12:00:00',0,1);
INSERT INTO visits (id,pet_id,staff_id,visit_type,animal_weight,date,next_visit_date,patient_condition,anamnesis,diagnosis,treatment,notes,total_amount,created_at,updated_at,is_deleted,version) VALUES ('9d804e7f-2efb-42a1-9f46-cff5ad5b39d4','6e3b5c10-5208-48d5-950b-84ff259115cf','540f953c-fbe7-4a39-80af-c269f7a2d1bf','вторичный',27.7,'2026-05-05T15:30:00','2026-05-14','здоров','Кровавая диарея, рвота, высокая температура','Парвовирусный энтерит','Интенсивная инфузионная терапия, антибиотики','Динамика положительная',7800,'2026-05-31 12:00:00','2026-05-31 12:00:00',0,1);
INSERT INTO visit_items (id,visit_id,item_id,name,type,quantity,price,total,created_at,updated_at,is_deleted,version) VALUES ('51968940-c00d-45c6-b3db-480358d36484','9d804e7f-2efb-42a1-9f46-cff5ad5b39d4',NULL,'Вторичный приём / осмотр','service',1,1800,1800,'2026-05-31 12:00:00','2026-05-31 12:00:00',0,1);
INSERT INTO visit_items (id,visit_id,item_id,name,type,quantity,price,total,created_at,updated_at,is_deleted,version) VALUES ('cc50c29c-36a3-4230-9f37-28a7350b1252','9d804e7f-2efb-42a1-9f46-cff5ad5b39d4',NULL,'Внутривенная диффузия (система)','service',1,1500,1500,'2026-05-31 12:00:00','2026-05-31 12:00:00',0,1);
INSERT INTO visit_items (id,visit_id,item_id,name,type,quantity,price,total,created_at,updated_at,is_deleted,version) VALUES ('326ddc66-681e-4e19-9770-1c3320f2fba1','9d804e7f-2efb-42a1-9f46-cff5ad5b39d4',NULL,'Общий анализ крови','service',1,2500,2500,'2026-05-31 12:00:00','2026-05-31 12:00:00',0,1);
INSERT INTO visit_items (id,visit_id,item_id,name,type,quantity,price,total,created_at,updated_at,is_deleted,version) VALUES ('5e8180d6-865c-4f30-9a8e-04e2607d0978','9d804e7f-2efb-42a1-9f46-cff5ad5b39d4',NULL,'Взятие крови','service',1,1500,1500,'2026-05-31 12:00:00','2026-05-31 12:00:00',0,1);
INSERT INTO visit_items (id,visit_id,item_id,name,type,quantity,price,total,created_at,updated_at,is_deleted,version) VALUES ('9e3d50c1-d73b-4644-b294-18320a262c3a','9d804e7f-2efb-42a1-9f46-cff5ad5b39d4',NULL,'Инъекция подкожно','service',1,300,300,'2026-05-31 12:00:00','2026-05-31 12:00:00',0,1);
INSERT INTO visit_items (id,visit_id,item_id,name,type,quantity,price,total,created_at,updated_at,is_deleted,version) VALUES ('97055b91-d0fb-400d-8456-9f148c343c9e','9d804e7f-2efb-42a1-9f46-cff5ad5b39d4',NULL,'Термометрия','service',1,200,200,'2026-05-31 12:00:00','2026-05-31 12:00:00',0,1);
INSERT INTO visits (id,pet_id,staff_id,visit_type,animal_weight,date,next_visit_date,patient_condition,anamnesis,diagnosis,treatment,notes,total_amount,created_at,updated_at,is_deleted,version) VALUES ('2f7c5de9-0e48-4238-9300-0ebde45622c2','512059f2-3ce2-459b-b390-742593e20b5c','bc31b973-eaef-4ab0-9f36-6c7ddbd7297b','вторичный',5.8,'2026-05-05T10:00:00','2026-05-25','удовлетворительное','Зуд, трясёт головой, выделения из уха','Отит наружный','Отипакс, Суролан, промывание хлоргексидином','Содержится дома',2800,'2026-05-31 12:00:00','2026-05-31 12:00:00',0,1);
INSERT INTO visit_items (id,visit_id,item_id,name,type,quantity,price,total,created_at,updated_at,is_deleted,version) VALUES ('ab4963de-0667-42b6-95a3-2887e86b4f56','2f7c5de9-0e48-4238-9300-0ebde45622c2',NULL,'Вторичный приём / осмотр','service',1,1800,1800,'2026-05-31 12:00:00','2026-05-31 12:00:00',0,1);
INSERT INTO visit_items (id,visit_id,item_id,name,type,quantity,price,total,created_at,updated_at,is_deleted,version) VALUES ('c46849ef-c173-43b9-9697-1c925f64a530','2f7c5de9-0e48-4238-9300-0ebde45622c2',NULL,'Чистка ушных раковин','service',1,500,500,'2026-05-31 12:00:00','2026-05-31 12:00:00',0,1);
INSERT INTO visit_items (id,visit_id,item_id,name,type,quantity,price,total,created_at,updated_at,is_deleted,version) VALUES ('9e53bdcf-756f-4755-8867-fc5ce39e8455','2f7c5de9-0e48-4238-9300-0ebde45622c2',NULL,'Инъекция подкожно','service',1,300,300,'2026-05-31 12:00:00','2026-05-31 12:00:00',0,1);
INSERT INTO visit_items (id,visit_id,item_id,name,type,quantity,price,total,created_at,updated_at,is_deleted,version) VALUES ('6f4ca479-4d2f-454b-84e0-57fcfe593210','2f7c5de9-0e48-4238-9300-0ebde45622c2',NULL,'Термометрия','service',1,200,200,'2026-05-31 12:00:00','2026-05-31 12:00:00',0,1);
INSERT INTO visits (id,pet_id,staff_id,visit_type,animal_weight,date,next_visit_date,patient_condition,anamnesis,diagnosis,treatment,notes,total_amount,created_at,updated_at,is_deleted,version) VALUES ('a01b8bf3-a6ad-497e-a859-5eaccf8d0819','a082cb29-b40a-4cfa-8f74-b30a062cad8e','540f953c-fbe7-4a39-80af-c269f7a2d1bf','вторичный',7.6,'2026-05-05T15:00:00',NULL,'средней тяжести','Облысение, гнойные корочки','Кожный клещ (демодекоз)','Симпарика, местная обработка, иммунокоррекция','',4200,'2026-05-31 12:00:00','2026-05-31 12:00:00',0,1);
INSERT INTO visit_items (id,visit_id,item_id,name,type,quantity,price,total,created_at,updated_at,is_deleted,version) VALUES ('7659d817-1599-4df6-a999-ef9c142f332c','a01b8bf3-a6ad-497e-a859-5eaccf8d0819',NULL,'Вторичный приём / осмотр','service',1,1800,1800,'2026-05-31 12:00:00','2026-05-31 12:00:00',0,1);
INSERT INTO visit_items (id,visit_id,item_id,name,type,quantity,price,total,created_at,updated_at,is_deleted,version) VALUES ('20763fd0-c656-4d38-8f96-28d7cfedeff0','a01b8bf3-a6ad-497e-a859-5eaccf8d0819',NULL,'Глубокий соскоб/отпечаток кожных покровов (1 стекло)','service',1,2000,2000,'2026-05-31 12:00:00','2026-05-31 12:00:00',0,1);
INSERT INTO visit_items (id,visit_id,item_id,name,type,quantity,price,total,created_at,updated_at,is_deleted,version) VALUES ('aef30ded-7738-461c-88bf-66c9ca2147fc','a01b8bf3-a6ad-497e-a859-5eaccf8d0819',NULL,'Термометрия','service',1,200,200,'2026-05-31 12:00:00','2026-05-31 12:00:00',0,1);
INSERT INTO visit_items (id,visit_id,item_id,name,type,quantity,price,total,created_at,updated_at,is_deleted,version) VALUES ('ee7491ef-40f7-466c-82fe-b51f7feee7de','a01b8bf3-a6ad-497e-a859-5eaccf8d0819',NULL,'Взвешивание','service',1,200,200,'2026-05-31 12:00:00','2026-05-31 12:00:00',0,1);
INSERT INTO visits (id,pet_id,staff_id,visit_type,animal_weight,date,next_visit_date,patient_condition,anamnesis,diagnosis,treatment,notes,total_amount,created_at,updated_at,is_deleted,version) VALUES ('cbcfd3a6-7cca-4331-9730-04c6953068d2','abaf5595-4292-41ed-b9c4-457329e0e6cf','540f953c-fbe7-4a39-80af-c269f7a2d1bf','вторичный',3.4,'2026-05-06T18:00:00','2026-05-26','здоров','Аллергическая реакция на блох','Блошиный дерматит','Противопаразитарная обработка, антигистамин','',2500,'2026-05-31 12:00:00','2026-05-31 12:00:00',0,1);
INSERT INTO visit_items (id,visit_id,item_id,name,type,quantity,price,total,created_at,updated_at,is_deleted,version) VALUES ('0d17b8f4-bd95-4f09-9c35-ec9cdb8170d6','cbcfd3a6-7cca-4331-9730-04c6953068d2',NULL,'Вторичный приём / осмотр','service',1,1800,1800,'2026-05-31 12:00:00','2026-05-31 12:00:00',0,1);
INSERT INTO visit_items (id,visit_id,item_id,name,type,quantity,price,total,created_at,updated_at,is_deleted,version) VALUES ('844be24c-2258-4a8e-8344-94bec78e988d','cbcfd3a6-7cca-4331-9730-04c6953068d2',NULL,'Инъекция внутримышечно','service',1,500,500,'2026-05-31 12:00:00','2026-05-31 12:00:00',0,1);
INSERT INTO visit_items (id,visit_id,item_id,name,type,quantity,price,total,created_at,updated_at,is_deleted,version) VALUES ('02989f90-5139-4520-b1a1-a654c1fd2962','cbcfd3a6-7cca-4331-9730-04c6953068d2',NULL,'Взвешивание','service',1,200,200,'2026-05-31 12:00:00','2026-05-31 12:00:00',0,1);
INSERT INTO visits (id,pet_id,staff_id,visit_type,animal_weight,date,next_visit_date,patient_condition,anamnesis,diagnosis,treatment,notes,total_amount,created_at,updated_at,is_deleted,version) VALUES ('61ee6412-9777-4abb-ac37-7950336e5b3a','6c822ca9-8cce-45c5-a41a-feba5e7bfef6','bc31b973-eaef-4ab0-9f36-6c7ddbd7297b','первичный',5.1,'2026-05-06T12:45:00',NULL,'удовлетворительное','Слизистые выделения из глаз','Конъюнктивит','Тетрациклиновая мазь, промывание','Животное беспокойное, фиксация затруднена',2900,'2026-05-31 12:00:00','2026-05-31 12:00:00',0,1);
INSERT INTO visit_items (id,visit_id,item_id,name,type,quantity,price,total,created_at,updated_at,is_deleted,version) VALUES ('586750de-910f-4707-846a-bb6a39c6e472','61ee6412-9777-4abb-ac37-7950336e5b3a',NULL,'Первичный приём','service',1,2500,2500,'2026-05-31 12:00:00','2026-05-31 12:00:00',0,1);
INSERT INTO visit_items (id,visit_id,item_id,name,type,quantity,price,total,created_at,updated_at,is_deleted,version) VALUES ('61b2335f-d796-4783-8a67-c665f072bda5','61ee6412-9777-4abb-ac37-7950336e5b3a',NULL,'Термометрия','service',1,200,200,'2026-05-31 12:00:00','2026-05-31 12:00:00',0,1);
INSERT INTO visit_items (id,visit_id,item_id,name,type,quantity,price,total,created_at,updated_at,is_deleted,version) VALUES ('d7b0baaf-2f19-4f9f-9fa4-64e2ea9331f4','61ee6412-9777-4abb-ac37-7950336e5b3a',NULL,'Взвешивание','service',1,200,200,'2026-05-31 12:00:00','2026-05-31 12:00:00',0,1);
INSERT INTO visits (id,pet_id,staff_id,visit_type,animal_weight,date,next_visit_date,patient_condition,anamnesis,diagnosis,treatment,notes,total_amount,created_at,updated_at,is_deleted,version) VALUES ('6a5b1060-766c-47d2-85a5-17715288061c','7977cd93-2b72-4fb8-b6ca-48a09d8fa8b5','540f953c-fbe7-4a39-80af-c269f7a2d1bf','первичный',7.7,'2026-05-06T14:15:00','2026-05-27','лёгкое','Вес выше нормы, одышка','Ожирение','Диета Royal Canin Obesity, контроль веса','Животное беспокойное, фиксация затруднена',3400,'2026-05-31 12:00:00','2026-05-31 12:00:00',0,1);
INSERT INTO visit_items (id,visit_id,item_id,name,type,quantity,price,total,created_at,updated_at,is_deleted,version) VALUES ('555170c4-e9a5-425a-b160-9ec60d22dead','6a5b1060-766c-47d2-85a5-17715288061c',NULL,'Первичный приём','service',1,2500,2500,'2026-05-31 12:00:00','2026-05-31 12:00:00',0,1);
INSERT INTO visit_items (id,visit_id,item_id,name,type,quantity,price,total,created_at,updated_at,is_deleted,version) VALUES ('31ed05c2-73f9-40ac-954e-b96a2ea51dbd','6a5b1060-766c-47d2-85a5-17715288061c',NULL,'Инъекция внутримышечно','service',1,500,500,'2026-05-31 12:00:00','2026-05-31 12:00:00',0,1);
INSERT INTO visit_items (id,visit_id,item_id,name,type,quantity,price,total,created_at,updated_at,is_deleted,version) VALUES ('b8cd10f0-2846-4d8d-a625-642daa25ff51','6a5b1060-766c-47d2-85a5-17715288061c',NULL,'Термометрия','service',1,200,200,'2026-05-31 12:00:00','2026-05-31 12:00:00',0,1);
INSERT INTO visit_items (id,visit_id,item_id,name,type,quantity,price,total,created_at,updated_at,is_deleted,version) VALUES ('6d9c24c6-844a-4831-8c9c-850882cc2274','6a5b1060-766c-47d2-85a5-17715288061c',NULL,'Взвешивание','service',1,200,200,'2026-05-31 12:00:00','2026-05-31 12:00:00',0,1);
INSERT INTO visits (id,pet_id,staff_id,visit_type,animal_weight,date,next_visit_date,patient_condition,anamnesis,diagnosis,treatment,notes,total_amount,created_at,updated_at,is_deleted,version) VALUES ('d5a9a236-eb6b-47eb-a050-6bd3b8ca3150','7977cd93-2b72-4fb8-b6ca-48a09d8fa8b5','540f953c-fbe7-4a39-80af-c269f7a2d1bf','вторичный',7.4,'2026-05-07T14:00:00','2026-05-25','средней тяжести','Вес выше нормы, одышка','Ожирение','Диета Royal Canin Obesity, контроль веса','Без особенностей',2000,'2026-05-31 12:00:00','2026-05-31 12:00:00',0,1);
INSERT INTO visit_items (id,visit_id,item_id,name,type,quantity,price,total,created_at,updated_at,is_deleted,version) VALUES ('84b39ade-8def-4cd0-8d3d-469119cae1c7','d5a9a236-eb6b-47eb-a050-6bd3b8ca3150',NULL,'Вторичный приём / осмотр','service',1,1800,1800,'2026-05-31 12:00:00','2026-05-31 12:00:00',0,1);
INSERT INTO visit_items (id,visit_id,item_id,name,type,quantity,price,total,created_at,updated_at,is_deleted,version) VALUES ('55be4934-acbb-41b1-8ce9-ae003d7524ae','d5a9a236-eb6b-47eb-a050-6bd3b8ca3150',NULL,'Взвешивание','service',1,200,200,'2026-05-31 12:00:00','2026-05-31 12:00:00',0,1);
INSERT INTO visits (id,pet_id,staff_id,visit_type,animal_weight,date,next_visit_date,patient_condition,anamnesis,diagnosis,treatment,notes,total_amount,created_at,updated_at,is_deleted,version) VALUES ('e88f83e3-cbe9-4109-825f-1ca4379d6bff','1db8e3ec-f1eb-4bb9-9061-503180042ddf','bc31b973-eaef-4ab0-9f36-6c7ddbd7297b','вторичный',3.9,'2026-05-07T17:30:00','2026-05-25','здоров','Затруднённое мочеиспускание, беспокойство','МКБ (мочекаменная болезнь)','Катетеризация, диета, спазмолитики','',4500,'2026-05-31 12:00:00','2026-05-31 12:00:00',0,1);
INSERT INTO visit_items (id,visit_id,item_id,name,type,quantity,price,total,created_at,updated_at,is_deleted,version) VALUES ('8d8d73da-2a61-45c8-8031-8919056275ee','e88f83e3-cbe9-4109-825f-1ca4379d6bff',NULL,'Вторичный приём / осмотр','service',1,1800,1800,'2026-05-31 12:00:00','2026-05-31 12:00:00',0,1);
INSERT INTO visit_items (id,visit_id,item_id,name,type,quantity,price,total,created_at,updated_at,is_deleted,version) VALUES ('ec1d13f1-f4af-4eeb-b0f7-8cd9b619c2dc','e88f83e3-cbe9-4109-825f-1ca4379d6bff',NULL,'УЗИ мочевого пузыря / почек / печени / селезёнки / желчного пузыря','service',1,2000,2000,'2026-05-31 12:00:00','2026-05-31 12:00:00',0,1);
INSERT INTO visit_items (id,visit_id,item_id,name,type,quantity,price,total,created_at,updated_at,is_deleted,version) VALUES ('7e7b6d3f-a3c1-48b0-be97-3bf45250a74f','e88f83e3-cbe9-4109-825f-1ca4379d6bff',NULL,'Инъекция подкожно','service',1,300,300,'2026-05-31 12:00:00','2026-05-31 12:00:00',0,1);
INSERT INTO visit_items (id,visit_id,item_id,name,type,quantity,price,total,created_at,updated_at,is_deleted,version) VALUES ('7e32b448-de75-4ad2-88d4-b3387d76ae6a','e88f83e3-cbe9-4109-825f-1ca4379d6bff',NULL,'Термометрия','service',1,200,200,'2026-05-31 12:00:00','2026-05-31 12:00:00',0,1);
INSERT INTO visit_items (id,visit_id,item_id,name,type,quantity,price,total,created_at,updated_at,is_deleted,version) VALUES ('0ba9b515-f300-4459-8c14-3824f49eceee','e88f83e3-cbe9-4109-825f-1ca4379d6bff',NULL,'Взвешивание','service',1,200,200,'2026-05-31 12:00:00','2026-05-31 12:00:00',0,1);
INSERT INTO visits (id,pet_id,staff_id,visit_type,animal_weight,date,next_visit_date,patient_condition,anamnesis,diagnosis,treatment,notes,total_amount,created_at,updated_at,is_deleted,version) VALUES ('0eeee907-4435-4514-8c44-8127fc063356','abaf5595-4292-41ed-b9c4-457329e0e6cf','bc31b973-eaef-4ab0-9f36-6c7ddbd7297b','первичный',3.4,'2026-05-07T13:45:00','2026-05-14','здоров','Выделения из глаз, слезотечение','Конъюнктивит','Капли Ципровет, промывание физраствором','Владелец соблюдает рекомендации',3400,'2026-05-31 12:00:00','2026-05-31 12:00:00',0,1);
INSERT INTO visit_items (id,visit_id,item_id,name,type,quantity,price,total,created_at,updated_at,is_deleted,version) VALUES ('38ee354b-8d0f-49cd-ad25-f6a7629e0947','0eeee907-4435-4514-8c44-8127fc063356',NULL,'Первичный приём','service',1,2500,2500,'2026-05-31 12:00:00','2026-05-31 12:00:00',0,1);
INSERT INTO visit_items (id,visit_id,item_id,name,type,quantity,price,total,created_at,updated_at,is_deleted,version) VALUES ('f7df8573-8d6d-4109-ac79-603e8b54b0bb','0eeee907-4435-4514-8c44-8127fc063356',NULL,'Инъекция внутримышечно','service',1,500,500,'2026-05-31 12:00:00','2026-05-31 12:00:00',0,1);
INSERT INTO visit_items (id,visit_id,item_id,name,type,quantity,price,total,created_at,updated_at,is_deleted,version) VALUES ('af361192-df5a-42e5-a4ed-f0f246a0c7b8','0eeee907-4435-4514-8c44-8127fc063356',NULL,'Термометрия','service',1,200,200,'2026-05-31 12:00:00','2026-05-31 12:00:00',0,1);
INSERT INTO visit_items (id,visit_id,item_id,name,type,quantity,price,total,created_at,updated_at,is_deleted,version) VALUES ('bdf24e15-5379-48f6-934f-7b4d3c324e67','0eeee907-4435-4514-8c44-8127fc063356',NULL,'Взвешивание','service',1,200,200,'2026-05-31 12:00:00','2026-05-31 12:00:00',0,1);
INSERT INTO visits (id,pet_id,staff_id,visit_type,animal_weight,date,next_visit_date,patient_condition,anamnesis,diagnosis,treatment,notes,total_amount,created_at,updated_at,is_deleted,version) VALUES ('cb982592-63a3-4053-b109-26bbd464fc39','512059f2-3ce2-459b-b390-742593e20b5c','bc31b973-eaef-4ab0-9f36-6c7ddbd7297b','первичный',5.0,'2026-05-08T15:00:00',NULL,'лёгкое','Хромота на задние конечности, боль при движении','Дисплазия ТБС','НПВС, хондропротекторы, ограничение нагрузок','',3400,'2026-05-31 12:00:00','2026-05-31 12:00:00',0,1);
INSERT INTO visit_items (id,visit_id,item_id,name,type,quantity,price,total,created_at,updated_at,is_deleted,version) VALUES ('69ad0675-3c40-4172-bfb8-7546c77f659d','cb982592-63a3-4053-b109-26bbd464fc39',NULL,'Первичный приём','service',1,2500,2500,'2026-05-31 12:00:00','2026-05-31 12:00:00',0,1);
INSERT INTO visit_items (id,visit_id,item_id,name,type,quantity,price,total,created_at,updated_at,is_deleted,version) VALUES ('e960a7b7-7454-4085-b5f2-6bd60c058ed7','cb982592-63a3-4053-b109-26bbd464fc39',NULL,'Инъекция внутримышечно','service',1,500,500,'2026-05-31 12:00:00','2026-05-31 12:00:00',0,1);
INSERT INTO visit_items (id,visit_id,item_id,name,type,quantity,price,total,created_at,updated_at,is_deleted,version) VALUES ('cd2753fd-2fc5-49d2-aba4-37969db9264b','cb982592-63a3-4053-b109-26bbd464fc39',NULL,'Термометрия','service',1,200,200,'2026-05-31 12:00:00','2026-05-31 12:00:00',0,1);
INSERT INTO visit_items (id,visit_id,item_id,name,type,quantity,price,total,created_at,updated_at,is_deleted,version) VALUES ('8ecdbb5a-aec1-4d91-9966-ae73980c7c21','cb982592-63a3-4053-b109-26bbd464fc39',NULL,'Взвешивание','service',1,200,200,'2026-05-31 12:00:00','2026-05-31 12:00:00',0,1);
INSERT INTO visits (id,pet_id,staff_id,visit_type,animal_weight,date,next_visit_date,patient_condition,anamnesis,diagnosis,treatment,notes,total_amount,created_at,updated_at,is_deleted,version) VALUES ('64c9c0cd-eea7-40d2-aebf-e0ecc7388d52','21aa8aae-11ae-47dd-b374-8b6c171f0980','f63d1c37-db34-4640-b8a8-3166762c66c7','вторичный',31.9,'2026-05-08T12:15:00','2026-05-24','средней тяжести','Облысение, гнойные корочки','Кожный клещ (демодекоз)','Симпарика, местная обработка, иммунокоррекция','Кормление влажным кормом',4200,'2026-05-31 12:00:00','2026-05-31 12:00:00',0,1);
INSERT INTO visit_items (id,visit_id,item_id,name,type,quantity,price,total,created_at,updated_at,is_deleted,version) VALUES ('49620774-c7f3-4cb8-b92b-9e4dc636ea5c','64c9c0cd-eea7-40d2-aebf-e0ecc7388d52',NULL,'Вторичный приём / осмотр','service',1,1800,1800,'2026-05-31 12:00:00','2026-05-31 12:00:00',0,1);
INSERT INTO visit_items (id,visit_id,item_id,name,type,quantity,price,total,created_at,updated_at,is_deleted,version) VALUES ('0207a7cf-1810-4792-a9e8-fd47c8c5c7a1','64c9c0cd-eea7-40d2-aebf-e0ecc7388d52',NULL,'Глубокий соскоб/отпечаток кожных покровов (1 стекло)','service',1,2000,2000,'2026-05-31 12:00:00','2026-05-31 12:00:00',0,1);
INSERT INTO visit_items (id,visit_id,item_id,name,type,quantity,price,total,created_at,updated_at,is_deleted,version) VALUES ('87f07305-f987-4a87-8913-4132cfaacbc9','64c9c0cd-eea7-40d2-aebf-e0ecc7388d52',NULL,'Термометрия','service',1,200,200,'2026-05-31 12:00:00','2026-05-31 12:00:00',0,1);
INSERT INTO visit_items (id,visit_id,item_id,name,type,quantity,price,total,created_at,updated_at,is_deleted,version) VALUES ('5b824057-f61a-4554-a479-8b5715a52a54','64c9c0cd-eea7-40d2-aebf-e0ecc7388d52',NULL,'Взвешивание','service',1,200,200,'2026-05-31 12:00:00','2026-05-31 12:00:00',0,1);
INSERT INTO visits (id,pet_id,staff_id,visit_type,animal_weight,date,next_visit_date,patient_condition,anamnesis,diagnosis,treatment,notes,total_amount,created_at,updated_at,is_deleted,version) VALUES ('4482e735-5511-4633-8b05-7064acdc9bb2','31672d40-6984-450e-92e5-5d34f1a88a4e','f63d1c37-db34-4640-b8a8-3166762c66c7','вторичный',12.7,'2026-05-09T09:15:00','2026-05-29','средней тяжести','Облысение, гнойные корочки','Кожный клещ (демодекоз)','Симпарика, местная обработка, иммунокоррекция','Содержится дома',4700,'2026-05-31 12:00:00','2026-05-31 12:00:00',0,1);
INSERT INTO visit_items (id,visit_id,item_id,name,type,quantity,price,total,created_at,updated_at,is_deleted,version) VALUES ('158f6d1b-3ec8-47e2-8998-13f2bf5eaa65','4482e735-5511-4633-8b05-7064acdc9bb2',NULL,'Вторичный приём / осмотр','service',1,1800,1800,'2026-05-31 12:00:00','2026-05-31 12:00:00',0,1);
INSERT INTO visit_items (id,visit_id,item_id,name,type,quantity,price,total,created_at,updated_at,is_deleted,version) VALUES ('a9b25090-ea32-45a6-88f8-a1107d90d87f','4482e735-5511-4633-8b05-7064acdc9bb2',NULL,'Глубокий соскоб/отпечаток кожных покровов (1 стекло)','service',1,2000,2000,'2026-05-31 12:00:00','2026-05-31 12:00:00',0,1);
INSERT INTO visit_items (id,visit_id,item_id,name,type,quantity,price,total,created_at,updated_at,is_deleted,version) VALUES ('524c3b8d-ad52-4f4b-ba35-d18ec81b8f6b','4482e735-5511-4633-8b05-7064acdc9bb2',NULL,'Инъекция внутримышечно','service',1,500,500,'2026-05-31 12:00:00','2026-05-31 12:00:00',0,1);
INSERT INTO visit_items (id,visit_id,item_id,name,type,quantity,price,total,created_at,updated_at,is_deleted,version) VALUES ('b598aaef-3287-483d-b4a3-77be9af5dffe','4482e735-5511-4633-8b05-7064acdc9bb2',NULL,'Термометрия','service',1,200,200,'2026-05-31 12:00:00','2026-05-31 12:00:00',0,1);
INSERT INTO visit_items (id,visit_id,item_id,name,type,quantity,price,total,created_at,updated_at,is_deleted,version) VALUES ('50f2ec1c-8690-4ab2-be24-9241b5b41e4e','4482e735-5511-4633-8b05-7064acdc9bb2',NULL,'Взвешивание','service',1,200,200,'2026-05-31 12:00:00','2026-05-31 12:00:00',0,1);
INSERT INTO visits (id,pet_id,staff_id,visit_type,animal_weight,date,next_visit_date,patient_condition,anamnesis,diagnosis,treatment,notes,total_amount,created_at,updated_at,is_deleted,version) VALUES ('fa01606e-dab9-4e91-b730-45c38a0d92b7','2b6eeb67-2e22-4b4d-9709-b5de5a8191b8','540f953c-fbe7-4a39-80af-c269f7a2d1bf','первичный',19.5,'2026-05-09T12:45:00',NULL,'лёгкое','Кровавая диарея, рвота, высокая температура','Парвовирусный энтерит','Интенсивная инфузионная терапия, антибиотики','Плановый осмотр',8700,'2026-05-31 12:00:00','2026-05-31 12:00:00',0,1);
INSERT INTO visit_items (id,visit_id,item_id,name,type,quantity,price,total,created_at,updated_at,is_deleted,version) VALUES ('ad887b5b-70a5-495e-93b7-6a41b38b5d4e','fa01606e-dab9-4e91-b730-45c38a0d92b7',NULL,'Первичный приём','service',1,2500,2500,'2026-05-31 12:00:00','2026-05-31 12:00:00',0,1);
INSERT INTO visit_items (id,visit_id,item_id,name,type,quantity,price,total,created_at,updated_at,is_deleted,version) VALUES ('b0fc301a-7ab7-46b3-831b-5452348ea637','fa01606e-dab9-4e91-b730-45c38a0d92b7',NULL,'Внутривенная диффузия (система)','service',1,1500,1500,'2026-05-31 12:00:00','2026-05-31 12:00:00',0,1);
INSERT INTO visit_items (id,visit_id,item_id,name,type,quantity,price,total,created_at,updated_at,is_deleted,version) VALUES ('01fb318b-5fd8-4179-8d8b-4db0b0f01b0b','fa01606e-dab9-4e91-b730-45c38a0d92b7',NULL,'Общий анализ крови','service',1,2500,2500,'2026-05-31 12:00:00','2026-05-31 12:00:00',0,1);
INSERT INTO visit_items (id,visit_id,item_id,name,type,quantity,price,total,created_at,updated_at,is_deleted,version) VALUES ('87682374-5898-4727-bdf4-dc81f009d316','fa01606e-dab9-4e91-b730-45c38a0d92b7',NULL,'Взятие крови','service',1,1500,1500,'2026-05-31 12:00:00','2026-05-31 12:00:00',0,1);
INSERT INTO visit_items (id,visit_id,item_id,name,type,quantity,price,total,created_at,updated_at,is_deleted,version) VALUES ('63684695-3b38-4e9a-afe9-ec0b5160c5bc','fa01606e-dab9-4e91-b730-45c38a0d92b7',NULL,'Инъекция внутримышечно','service',1,500,500,'2026-05-31 12:00:00','2026-05-31 12:00:00',0,1);
INSERT INTO visit_items (id,visit_id,item_id,name,type,quantity,price,total,created_at,updated_at,is_deleted,version) VALUES ('c420f9bd-dd30-4649-9938-bd077c442494','fa01606e-dab9-4e91-b730-45c38a0d92b7',NULL,'Взвешивание','service',1,200,200,'2026-05-31 12:00:00','2026-05-31 12:00:00',0,1);
INSERT INTO visits (id,pet_id,staff_id,visit_type,animal_weight,date,next_visit_date,patient_condition,anamnesis,diagnosis,treatment,notes,total_amount,created_at,updated_at,is_deleted,version) VALUES ('00c96ee6-bbf6-4761-a86c-ac55c7a351cb','91b3dc61-9971-450f-8435-669de1438100','f63d1c37-db34-4640-b8a8-3166762c66c7','вторичный',11.6,'2026-05-09T17:30:00','2026-05-20','здоров','Гнойничковые высыпания, корочки','Пиодерма','Синулокс, хлоргексидин, местная обработка','Владелец соблюдает рекомендации',2500,'2026-05-31 12:00:00','2026-05-31 12:00:00',0,1);
INSERT INTO visit_items (id,visit_id,item_id,name,type,quantity,price,total,created_at,updated_at,is_deleted,version) VALUES ('5a5bc2cc-8698-498a-91c8-a53f66103bf7','00c96ee6-bbf6-4761-a86c-ac55c7a351cb',NULL,'Вторичный приём / осмотр','service',1,1800,1800,'2026-05-31 12:00:00','2026-05-31 12:00:00',0,1);
INSERT INTO visit_items (id,visit_id,item_id,name,type,quantity,price,total,created_at,updated_at,is_deleted,version) VALUES ('4c4a7d30-d710-443e-93e9-8304a3e6e10b','00c96ee6-bbf6-4761-a86c-ac55c7a351cb',NULL,'Инъекция подкожно','service',1,300,300,'2026-05-31 12:00:00','2026-05-31 12:00:00',0,1);
INSERT INTO visit_items (id,visit_id,item_id,name,type,quantity,price,total,created_at,updated_at,is_deleted,version) VALUES ('cb955545-9620-4178-a8be-4a4466df8caa','00c96ee6-bbf6-4761-a86c-ac55c7a351cb',NULL,'Термометрия','service',1,200,200,'2026-05-31 12:00:00','2026-05-31 12:00:00',0,1);
INSERT INTO visit_items (id,visit_id,item_id,name,type,quantity,price,total,created_at,updated_at,is_deleted,version) VALUES ('2a2dfe22-dd75-4d89-ae43-d38a589fa257','00c96ee6-bbf6-4761-a86c-ac55c7a351cb',NULL,'Взвешивание','service',1,200,200,'2026-05-31 12:00:00','2026-05-31 12:00:00',0,1);
INSERT INTO visits (id,pet_id,staff_id,visit_type,animal_weight,date,next_visit_date,patient_condition,anamnesis,diagnosis,treatment,notes,total_amount,created_at,updated_at,is_deleted,version) VALUES ('4237f18f-d712-4460-bea5-7c14531fb5eb','55472fd3-4bee-46d9-9851-d1f612f043cd','bc31b973-eaef-4ab0-9f36-6c7ddbd7297b','первичный',3.8,'2026-05-09T17:00:00','2026-05-16','удовлетворительное','Слизистые выделения из глаз','Конъюнктивит','Тетрациклиновая мазь, промывание','',2900,'2026-05-31 12:00:00','2026-05-31 12:00:00',0,1);
INSERT INTO visit_items (id,visit_id,item_id,name,type,quantity,price,total,created_at,updated_at,is_deleted,version) VALUES ('c5a09013-e132-4a1d-8b63-a240612c8687','4237f18f-d712-4460-bea5-7c14531fb5eb',NULL,'Первичный приём','service',1,2500,2500,'2026-05-31 12:00:00','2026-05-31 12:00:00',0,1);
INSERT INTO visit_items (id,visit_id,item_id,name,type,quantity,price,total,created_at,updated_at,is_deleted,version) VALUES ('33196b8e-e52b-402f-9a23-a4fbfc0ac943','4237f18f-d712-4460-bea5-7c14531fb5eb',NULL,'Термометрия','service',1,200,200,'2026-05-31 12:00:00','2026-05-31 12:00:00',0,1);
INSERT INTO visit_items (id,visit_id,item_id,name,type,quantity,price,total,created_at,updated_at,is_deleted,version) VALUES ('41de8ffb-96af-4b08-a731-6e7c451762e2','4237f18f-d712-4460-bea5-7c14531fb5eb',NULL,'Взвешивание','service',1,200,200,'2026-05-31 12:00:00','2026-05-31 12:00:00',0,1);
INSERT INTO visits (id,pet_id,staff_id,visit_type,animal_weight,date,next_visit_date,patient_condition,anamnesis,diagnosis,treatment,notes,total_amount,created_at,updated_at,is_deleted,version) VALUES ('f35c6967-a299-45ec-b02f-4066b34d8955','8777e9fc-0d67-4c36-ac22-571a3a4a2e30','f63d1c37-db34-4640-b8a8-3166762c66c7','вторичный',2.6,'2026-05-09T15:00:00','2026-05-27','средней тяжести','Высокая температура, тёмная моча, слабость','Пироплазмоз','Беренил, капельница, поддерживающая терапия','Без особенностей',7700,'2026-05-31 12:00:00','2026-05-31 12:00:00',0,1);
INSERT INTO visit_items (id,visit_id,item_id,name,type,quantity,price,total,created_at,updated_at,is_deleted,version) VALUES ('a7d55ee8-2d00-4b5d-8474-fdc37871d09c','f35c6967-a299-45ec-b02f-4066b34d8955',NULL,'Вторичный приём / осмотр','service',1,1800,1800,'2026-05-31 12:00:00','2026-05-31 12:00:00',0,1);
INSERT INTO visit_items (id,visit_id,item_id,name,type,quantity,price,total,created_at,updated_at,is_deleted,version) VALUES ('a6d0fb1f-3598-497f-9da7-8bc6d52d30fe','f35c6967-a299-45ec-b02f-4066b34d8955',NULL,'Общий анализ крови','service',1,2500,2500,'2026-05-31 12:00:00','2026-05-31 12:00:00',0,1);
INSERT INTO visit_items (id,visit_id,item_id,name,type,quantity,price,total,created_at,updated_at,is_deleted,version) VALUES ('90decefd-b551-4023-af8d-9dd6ae5e7322','f35c6967-a299-45ec-b02f-4066b34d8955',NULL,'Взятие крови','service',1,1500,1500,'2026-05-31 12:00:00','2026-05-31 12:00:00',0,1);
INSERT INTO visit_items (id,visit_id,item_id,name,type,quantity,price,total,created_at,updated_at,is_deleted,version) VALUES ('77ec44c0-2f8a-42c9-97ab-5f06e49aa8d4','f35c6967-a299-45ec-b02f-4066b34d8955',NULL,'Внутривенная диффузия (система)','service',1,1500,1500,'2026-05-31 12:00:00','2026-05-31 12:00:00',0,1);
INSERT INTO visit_items (id,visit_id,item_id,name,type,quantity,price,total,created_at,updated_at,is_deleted,version) VALUES ('8bcbc406-2682-4587-bbb8-7bcf2e060734','f35c6967-a299-45ec-b02f-4066b34d8955',NULL,'Термометрия','service',1,200,200,'2026-05-31 12:00:00','2026-05-31 12:00:00',0,1);
INSERT INTO visit_items (id,visit_id,item_id,name,type,quantity,price,total,created_at,updated_at,is_deleted,version) VALUES ('2a00789d-31bc-46f1-89b1-c8dae3441d10','f35c6967-a299-45ec-b02f-4066b34d8955',NULL,'Взвешивание','service',1,200,200,'2026-05-31 12:00:00','2026-05-31 12:00:00',0,1);
INSERT INTO visits (id,pet_id,staff_id,visit_type,animal_weight,date,next_visit_date,patient_condition,anamnesis,diagnosis,treatment,notes,total_amount,created_at,updated_at,is_deleted,version) VALUES ('b9ca2692-2f4e-47f1-83c5-ab3016f8991a','91ee7945-b3c4-4341-bbed-918fe0e8b00b','bc31b973-eaef-4ab0-9f36-6c7ddbd7297b','вторичный',3.2,'2026-05-09T11:15:00',NULL,'тяжелое','Затруднённое мочеиспускание, беспокойство','МКБ (мочекаменная болезнь)','Катетеризация, диета, спазмолитики','',4200,'2026-05-31 12:00:00','2026-05-31 12:00:00',0,1);
INSERT INTO visit_items (id,visit_id,item_id,name,type,quantity,price,total,created_at,updated_at,is_deleted,version) VALUES ('f84caecd-56ff-4f53-a060-f04b864a8236','b9ca2692-2f4e-47f1-83c5-ab3016f8991a',NULL,'Вторичный приём / осмотр','service',1,1800,1800,'2026-05-31 12:00:00','2026-05-31 12:00:00',0,1);
INSERT INTO visit_items (id,visit_id,item_id,name,type,quantity,price,total,created_at,updated_at,is_deleted,version) VALUES ('b49248e1-4880-4f16-bb37-592bac4636a1','b9ca2692-2f4e-47f1-83c5-ab3016f8991a',NULL,'УЗИ мочевого пузыря / почек / печени / селезёнки / желчного пузыря','service',1,2000,2000,'2026-05-31 12:00:00','2026-05-31 12:00:00',0,1);
INSERT INTO visit_items (id,visit_id,item_id,name,type,quantity,price,total,created_at,updated_at,is_deleted,version) VALUES ('56644766-319c-4f22-af50-d6c81da3fa87','b9ca2692-2f4e-47f1-83c5-ab3016f8991a',NULL,'Термометрия','service',1,200,200,'2026-05-31 12:00:00','2026-05-31 12:00:00',0,1);
INSERT INTO visit_items (id,visit_id,item_id,name,type,quantity,price,total,created_at,updated_at,is_deleted,version) VALUES ('bffb4cd4-b5e8-4e3d-bd44-7454984106f2','b9ca2692-2f4e-47f1-83c5-ab3016f8991a',NULL,'Взвешивание','service',1,200,200,'2026-05-31 12:00:00','2026-05-31 12:00:00',0,1);
INSERT INTO visits (id,pet_id,staff_id,visit_type,animal_weight,date,next_visit_date,patient_condition,anamnesis,diagnosis,treatment,notes,total_amount,created_at,updated_at,is_deleted,version) VALUES ('daa35ef1-1643-4c3b-ab05-37d2932144f6','6b06a607-06b2-498e-b62e-cbf354631de0','f63d1c37-db34-4640-b8a8-3166762c66c7','вторичный',4.4,'2026-05-11T16:45:00','2026-05-29','удовлетворительное','Округлые проплешины с шелушением','Дерматофития','Ламикан, обработка помещения','Кормление влажным кормом',2200,'2026-05-31 12:00:00','2026-05-31 12:00:00',0,1);
INSERT INTO visit_items (id,visit_id,item_id,name,type,quantity,price,total,created_at,updated_at,is_deleted,version) VALUES ('2ab51616-ca38-4724-b200-492bdb86e292','daa35ef1-1643-4c3b-ab05-37d2932144f6',NULL,'Вторичный приём / осмотр','service',1,1800,1800,'2026-05-31 12:00:00','2026-05-31 12:00:00',0,1);
INSERT INTO visit_items (id,visit_id,item_id,name,type,quantity,price,total,created_at,updated_at,is_deleted,version) VALUES ('86b66d74-9e30-4924-a9fe-e73abae9fdae','daa35ef1-1643-4c3b-ab05-37d2932144f6',NULL,'Термометрия','service',1,200,200,'2026-05-31 12:00:00','2026-05-31 12:00:00',0,1);
INSERT INTO visit_items (id,visit_id,item_id,name,type,quantity,price,total,created_at,updated_at,is_deleted,version) VALUES ('0db69149-96ca-4443-be9d-0dc440a700ff','daa35ef1-1643-4c3b-ab05-37d2932144f6',NULL,'Взвешивание','service',1,200,200,'2026-05-31 12:00:00','2026-05-31 12:00:00',0,1);
INSERT INTO visits (id,pet_id,staff_id,visit_type,animal_weight,date,next_visit_date,patient_condition,anamnesis,diagnosis,treatment,notes,total_amount,created_at,updated_at,is_deleted,version) VALUES ('4c240c43-1111-4581-8b8b-b06b7791a070','6b65f069-fb4b-49c3-82da-c8910147f393','540f953c-fbe7-4a39-80af-c269f7a2d1bf','первичный',29.5,'2026-05-11T12:30:00',NULL,'лёгкое','Рвота, жидкий стул, вялость','Гастроэнтерит','Регидратация, метронидазол, пробиотики Ветом','',4700,'2026-05-31 12:00:00','2026-05-31 12:00:00',0,1);
INSERT INTO visit_items (id,visit_id,item_id,name,type,quantity,price,total,created_at,updated_at,is_deleted,version) VALUES ('5321f1a9-7dc9-4707-889d-ae4eaecaf7ec','4c240c43-1111-4581-8b8b-b06b7791a070',NULL,'Первичный приём','service',1,2500,2500,'2026-05-31 12:00:00','2026-05-31 12:00:00',0,1);
INSERT INTO visit_items (id,visit_id,item_id,name,type,quantity,price,total,created_at,updated_at,is_deleted,version) VALUES ('28f90e2c-1c28-4ef2-a365-838031847ba9','4c240c43-1111-4581-8b8b-b06b7791a070',NULL,'Биохимический экспресс-анализ мочи','service',1,2000,2000,'2026-05-31 12:00:00','2026-05-31 12:00:00',0,1);
INSERT INTO visit_items (id,visit_id,item_id,name,type,quantity,price,total,created_at,updated_at,is_deleted,version) VALUES ('72658b57-d92e-4fd8-9b2e-b6dbb546e3ad','4c240c43-1111-4581-8b8b-b06b7791a070',NULL,'Взвешивание','service',1,200,200,'2026-05-31 12:00:00','2026-05-31 12:00:00',0,1);
INSERT INTO visits (id,pet_id,staff_id,visit_type,animal_weight,date,next_visit_date,patient_condition,anamnesis,diagnosis,treatment,notes,total_amount,created_at,updated_at,is_deleted,version) VALUES ('eb880d64-7595-4cf4-a320-0a00a1921b33','8777e9fc-0d67-4c36-ac22-571a3a4a2e30','bc31b973-eaef-4ab0-9f36-6c7ddbd7297b','первичный',2.9,'2026-05-12T15:45:00','2026-06-01','лёгкое','Рвота, слюнотечение, угнетение','Отравление','Энтеросорбент, промывание желудка, капельница','Животное беспокойное, фиксация затруднена',2700,'2026-05-31 12:00:00','2026-05-31 12:00:00',0,1);
INSERT INTO visit_items (id,visit_id,item_id,name,type,quantity,price,total,created_at,updated_at,is_deleted,version) VALUES ('3abf7f8c-fcde-4f6f-8807-ac59fcf9b766','eb880d64-7595-4cf4-a320-0a00a1921b33',NULL,'Первичный приём','service',1,2500,2500,'2026-05-31 12:00:00','2026-05-31 12:00:00',0,1);
INSERT INTO visit_items (id,visit_id,item_id,name,type,quantity,price,total,created_at,updated_at,is_deleted,version) VALUES ('3641240a-6636-49e7-a09c-3c9247c64f49','eb880d64-7595-4cf4-a320-0a00a1921b33',NULL,'Термометрия','service',1,200,200,'2026-05-31 12:00:00','2026-05-31 12:00:00',0,1);
INSERT INTO visits (id,pet_id,staff_id,visit_type,animal_weight,date,next_visit_date,patient_condition,anamnesis,diagnosis,treatment,notes,total_amount,created_at,updated_at,is_deleted,version) VALUES ('5317818d-7ac0-4481-8a25-d857e6222b0b','422a5854-3012-43d0-993b-395a90b55fac','f63d1c37-db34-4640-b8a8-3166762c66c7','вторичный',4.6,'2026-05-12T09:15:00',NULL,'здоров','Округлые проплешины с шелушением','Дерматофития','Ламикан, обработка помещения','',2000,'2026-05-31 12:00:00','2026-05-31 12:00:00',0,1);
INSERT INTO visit_items (id,visit_id,item_id,name,type,quantity,price,total,created_at,updated_at,is_deleted,version) VALUES ('f3b08a36-d7a0-45f4-83fb-7d1a876ba63e','5317818d-7ac0-4481-8a25-d857e6222b0b',NULL,'Вторичный приём / осмотр','service',1,1800,1800,'2026-05-31 12:00:00','2026-05-31 12:00:00',0,1);
INSERT INTO visit_items (id,visit_id,item_id,name,type,quantity,price,total,created_at,updated_at,is_deleted,version) VALUES ('8f61cf6a-d526-41e5-98b4-04f6cac67669','5317818d-7ac0-4481-8a25-d857e6222b0b',NULL,'Термометрия','service',1,200,200,'2026-05-31 12:00:00','2026-05-31 12:00:00',0,1);
INSERT INTO visits (id,pet_id,staff_id,visit_type,animal_weight,date,next_visit_date,patient_condition,anamnesis,diagnosis,treatment,notes,total_amount,created_at,updated_at,is_deleted,version) VALUES ('5932a99d-b91b-48ee-a29b-d3488b7823b7','512059f2-3ce2-459b-b390-742593e20b5c','bc31b973-eaef-4ab0-9f36-6c7ddbd7297b','вторичный',5.7,'2026-05-12T17:45:00','2026-05-26','удовлетворительное','Кровь в моче, болезненное мочеиспускание','Мочекаменная болезнь','УЗИ мочевого пузыря, диета, спазмолитики','',2500,'2026-05-31 12:00:00','2026-05-31 12:00:00',0,1);
INSERT INTO visit_items (id,visit_id,item_id,name,type,quantity,price,total,created_at,updated_at,is_deleted,version) VALUES ('5dd67e96-5d6a-42fc-a110-25846c0b0f34','5932a99d-b91b-48ee-a29b-d3488b7823b7',NULL,'Вторичный приём / осмотр','service',1,1800,1800,'2026-05-31 12:00:00','2026-05-31 12:00:00',0,1);
INSERT INTO visit_items (id,visit_id,item_id,name,type,quantity,price,total,created_at,updated_at,is_deleted,version) VALUES ('5033c2ec-326d-4f5c-9958-b3130aa391f3','5932a99d-b91b-48ee-a29b-d3488b7823b7',NULL,'Инъекция внутримышечно','service',1,500,500,'2026-05-31 12:00:00','2026-05-31 12:00:00',0,1);
INSERT INTO visit_items (id,visit_id,item_id,name,type,quantity,price,total,created_at,updated_at,is_deleted,version) VALUES ('d54c089a-b10e-45d4-98ef-13dcd3a5cadf','5932a99d-b91b-48ee-a29b-d3488b7823b7',NULL,'Взвешивание','service',1,200,200,'2026-05-31 12:00:00','2026-05-31 12:00:00',0,1);
INSERT INTO visits (id,pet_id,staff_id,visit_type,animal_weight,date,next_visit_date,patient_condition,anamnesis,diagnosis,treatment,notes,total_amount,created_at,updated_at,is_deleted,version) VALUES ('5862403b-aa97-426c-bf76-abf2ca63f713','422a5854-3012-43d0-993b-395a90b55fac','f63d1c37-db34-4640-b8a8-3166762c66c7','вторичный',4.7,'2026-05-12T12:30:00',NULL,'средней тяжести','Слизистые выделения из глаз','Конъюнктивит','Тетрациклиновая мазь, промывание','',2700,'2026-05-31 12:00:00','2026-05-31 12:00:00',0,1);
INSERT INTO visit_items (id,visit_id,item_id,name,type,quantity,price,total,created_at,updated_at,is_deleted,version) VALUES ('0c555e5a-a81b-478e-915a-ac24dd9b3599','5862403b-aa97-426c-bf76-abf2ca63f713',NULL,'Вторичный приём / осмотр','service',1,1800,1800,'2026-05-31 12:00:00','2026-05-31 12:00:00',0,1);
INSERT INTO visit_items (id,visit_id,item_id,name,type,quantity,price,total,created_at,updated_at,is_deleted,version) VALUES ('6e940d47-e49c-4fd4-9f2a-263f05c949f2','5862403b-aa97-426c-bf76-abf2ca63f713',NULL,'Инъекция внутримышечно','service',1,500,500,'2026-05-31 12:00:00','2026-05-31 12:00:00',0,1);
INSERT INTO visit_items (id,visit_id,item_id,name,type,quantity,price,total,created_at,updated_at,is_deleted,version) VALUES ('fee86370-c5e5-42ba-8241-3dfc5247c660','5862403b-aa97-426c-bf76-abf2ca63f713',NULL,'Термометрия','service',1,200,200,'2026-05-31 12:00:00','2026-05-31 12:00:00',0,1);
INSERT INTO visit_items (id,visit_id,item_id,name,type,quantity,price,total,created_at,updated_at,is_deleted,version) VALUES ('3c292536-ed50-4b18-83bd-db876586694f','5862403b-aa97-426c-bf76-abf2ca63f713',NULL,'Взвешивание','service',1,200,200,'2026-05-31 12:00:00','2026-05-31 12:00:00',0,1);
INSERT INTO visits (id,pet_id,staff_id,visit_type,animal_weight,date,next_visit_date,patient_condition,anamnesis,diagnosis,treatment,notes,total_amount,created_at,updated_at,is_deleted,version) VALUES ('d43de365-9f1e-4d4b-b28c-1ba2cc078ded','abaf5595-4292-41ed-b9c4-457329e0e6cf','540f953c-fbe7-4a39-80af-c269f7a2d1bf','первичный',2.9,'2026-05-12T15:45:00','2026-05-25','тяжелое','Рвота, диарея, отказ от корма','Гастроэнтерит','Метронидазол, регидратация, пробиотики','',4700,'2026-05-31 12:00:00','2026-05-31 12:00:00',0,1);
INSERT INTO visit_items (id,visit_id,item_id,name,type,quantity,price,total,created_at,updated_at,is_deleted,version) VALUES ('7a95bcb8-b10e-426a-a8fd-dbb25c43a93c','d43de365-9f1e-4d4b-b28c-1ba2cc078ded',NULL,'Первичный приём','service',1,2500,2500,'2026-05-31 12:00:00','2026-05-31 12:00:00',0,1);
INSERT INTO visit_items (id,visit_id,item_id,name,type,quantity,price,total,created_at,updated_at,is_deleted,version) VALUES ('03c2f9fb-7e0e-4901-8add-4dfd90c22c33','d43de365-9f1e-4d4b-b28c-1ba2cc078ded',NULL,'Биохимический экспресс-анализ мочи','service',1,2000,2000,'2026-05-31 12:00:00','2026-05-31 12:00:00',0,1);
INSERT INTO visit_items (id,visit_id,item_id,name,type,quantity,price,total,created_at,updated_at,is_deleted,version) VALUES ('46971393-891b-4e63-99a7-87ee99be87e4','d43de365-9f1e-4d4b-b28c-1ba2cc078ded',NULL,'Термометрия','service',1,200,200,'2026-05-31 12:00:00','2026-05-31 12:00:00',0,1);
INSERT INTO visits (id,pet_id,staff_id,visit_type,animal_weight,date,next_visit_date,patient_condition,anamnesis,diagnosis,treatment,notes,total_amount,created_at,updated_at,is_deleted,version) VALUES ('c0380a80-b910-4371-9e8d-c8710e95e1ba','78444091-7efb-4ca4-985d-053604675938','f63d1c37-db34-4640-b8a8-3166762c66c7','первичный',34.9,'2026-05-12T09:30:00','2026-05-31','тяжелое','Покраснение глаз, выделения','Конъюнктивит','Ципровет, промывание физраствором','',2900,'2026-05-31 12:00:00','2026-05-31 12:00:00',0,1);
INSERT INTO visit_items (id,visit_id,item_id,name,type,quantity,price,total,created_at,updated_at,is_deleted,version) VALUES ('db2dd834-3fbd-42bb-94f2-9977e703593f','c0380a80-b910-4371-9e8d-c8710e95e1ba',NULL,'Первичный приём','service',1,2500,2500,'2026-05-31 12:00:00','2026-05-31 12:00:00',0,1);
INSERT INTO visit_items (id,visit_id,item_id,name,type,quantity,price,total,created_at,updated_at,is_deleted,version) VALUES ('e0216b2d-4a49-4f34-9712-ce3b5504426d','c0380a80-b910-4371-9e8d-c8710e95e1ba',NULL,'Термометрия','service',1,200,200,'2026-05-31 12:00:00','2026-05-31 12:00:00',0,1);
INSERT INTO visit_items (id,visit_id,item_id,name,type,quantity,price,total,created_at,updated_at,is_deleted,version) VALUES ('9a363d0d-c427-44ea-9d69-34e80eb187cf','c0380a80-b910-4371-9e8d-c8710e95e1ba',NULL,'Взвешивание','service',1,200,200,'2026-05-31 12:00:00','2026-05-31 12:00:00',0,1);
INSERT INTO visits (id,pet_id,staff_id,visit_type,animal_weight,date,next_visit_date,patient_condition,anamnesis,diagnosis,treatment,notes,total_amount,created_at,updated_at,is_deleted,version) VALUES ('ab88e16b-f58e-4356-b3ed-eb0457786f57','eb310481-eabc-4095-95cc-46feb8c906a2','540f953c-fbe7-4a39-80af-c269f7a2d1bf','вторичный',4.8,'2026-05-13T15:30:00','2026-05-29','тяжелое','Тряска головой, расчёсы у ушей','Ушной клещ','Амит форте, чистка ушей','',4500,'2026-05-31 12:00:00','2026-05-31 12:00:00',0,1);
INSERT INTO visit_items (id,visit_id,item_id,name,type,quantity,price,total,created_at,updated_at,is_deleted,version) VALUES ('9e1ce656-27b2-45b1-8d6c-4446cdb5d69f','ab88e16b-f58e-4356-b3ed-eb0457786f57',NULL,'Вторичный приём / осмотр','service',1,1800,1800,'2026-05-31 12:00:00','2026-05-31 12:00:00',0,1);
INSERT INTO visit_items (id,visit_id,item_id,name,type,quantity,price,total,created_at,updated_at,is_deleted,version) VALUES ('58b3ab49-3c6f-4cd2-9f9c-093b8c83880a','ab88e16b-f58e-4356-b3ed-eb0457786f57',NULL,'Глубокий соскоб/отпечаток кожных покровов (1 стекло)','service',1,2000,2000,'2026-05-31 12:00:00','2026-05-31 12:00:00',0,1);
INSERT INTO visit_items (id,visit_id,item_id,name,type,quantity,price,total,created_at,updated_at,is_deleted,version) VALUES ('5c346508-d614-457a-b982-5b43e48d38ac','ab88e16b-f58e-4356-b3ed-eb0457786f57',NULL,'Инъекция подкожно','service',1,300,300,'2026-05-31 12:00:00','2026-05-31 12:00:00',0,1);
INSERT INTO visit_items (id,visit_id,item_id,name,type,quantity,price,total,created_at,updated_at,is_deleted,version) VALUES ('b6f82c45-c9c2-4262-a7db-2ad8cb943f76','ab88e16b-f58e-4356-b3ed-eb0457786f57',NULL,'Термометрия','service',1,200,200,'2026-05-31 12:00:00','2026-05-31 12:00:00',0,1);
INSERT INTO visit_items (id,visit_id,item_id,name,type,quantity,price,total,created_at,updated_at,is_deleted,version) VALUES ('5b3b502c-cf76-40af-8e8c-6105711a50e1','ab88e16b-f58e-4356-b3ed-eb0457786f57',NULL,'Взвешивание','service',1,200,200,'2026-05-31 12:00:00','2026-05-31 12:00:00',0,1);
INSERT INTO visits (id,pet_id,staff_id,visit_type,animal_weight,date,next_visit_date,patient_condition,anamnesis,diagnosis,treatment,notes,total_amount,created_at,updated_at,is_deleted,version) VALUES ('ac363416-47f9-4d6d-991e-f6a30f69008d','20cfd41a-fba1-42bd-bfb6-dfd107e48cf7','bc31b973-eaef-4ab0-9f36-6c7ddbd7297b','вторичный',4.2,'2026-05-13T15:15:00',NULL,'лёгкое','Аллергическая реакция на блох','Блошиный дерматит','Противопаразитарная обработка, антигистамин','',2300,'2026-05-31 12:00:00','2026-05-31 12:00:00',0,1);
INSERT INTO visit_items (id,visit_id,item_id,name,type,quantity,price,total,created_at,updated_at,is_deleted,version) VALUES ('08b3bc7e-ac72-4d1f-b271-2a10468dd90d','ac363416-47f9-4d6d-991e-f6a30f69008d',NULL,'Вторичный приём / осмотр','service',1,1800,1800,'2026-05-31 12:00:00','2026-05-31 12:00:00',0,1);
INSERT INTO visit_items (id,visit_id,item_id,name,type,quantity,price,total,created_at,updated_at,is_deleted,version) VALUES ('9ceb1f64-5dfd-4a70-9834-5e4ffc86958b','ac363416-47f9-4d6d-991e-f6a30f69008d',NULL,'Инъекция подкожно','service',1,300,300,'2026-05-31 12:00:00','2026-05-31 12:00:00',0,1);
INSERT INTO visit_items (id,visit_id,item_id,name,type,quantity,price,total,created_at,updated_at,is_deleted,version) VALUES ('d2404891-d501-4fc1-81ef-b967a837b55e','ac363416-47f9-4d6d-991e-f6a30f69008d',NULL,'Термометрия','service',1,200,200,'2026-05-31 12:00:00','2026-05-31 12:00:00',0,1);
INSERT INTO visits (id,pet_id,staff_id,visit_type,animal_weight,date,next_visit_date,patient_condition,anamnesis,diagnosis,treatment,notes,total_amount,created_at,updated_at,is_deleted,version) VALUES ('b9de8de7-c213-480f-b5c3-868bf2107a17','9134ac5d-00a8-4236-9cf3-903480fe88b7','f63d1c37-db34-4640-b8a8-3166762c66c7','первичный',22.3,'2026-05-13T10:45:00',NULL,'удовлетворительное','Зуд, трясёт головой, выделения из уха','Отит наружный','Отипакс, Суролан, промывание хлоргексидином','Животное беспокойное, фиксация затруднена',3400,'2026-05-31 12:00:00','2026-05-31 12:00:00',0,1);
INSERT INTO visit_items (id,visit_id,item_id,name,type,quantity,price,total,created_at,updated_at,is_deleted,version) VALUES ('165e9161-c9f9-4348-9063-66df0495850a','b9de8de7-c213-480f-b5c3-868bf2107a17',NULL,'Первичный приём','service',1,2500,2500,'2026-05-31 12:00:00','2026-05-31 12:00:00',0,1);
INSERT INTO visit_items (id,visit_id,item_id,name,type,quantity,price,total,created_at,updated_at,is_deleted,version) VALUES ('f14442b1-9a5a-4b6f-8097-9260a6497c24','b9de8de7-c213-480f-b5c3-868bf2107a17',NULL,'Чистка ушных раковин','service',1,500,500,'2026-05-31 12:00:00','2026-05-31 12:00:00',0,1);
INSERT INTO visit_items (id,visit_id,item_id,name,type,quantity,price,total,created_at,updated_at,is_deleted,version) VALUES ('c967dbc4-4f33-463f-99e5-d55f325dd19d','b9de8de7-c213-480f-b5c3-868bf2107a17',NULL,'Термометрия','service',1,200,200,'2026-05-31 12:00:00','2026-05-31 12:00:00',0,1);
INSERT INTO visit_items (id,visit_id,item_id,name,type,quantity,price,total,created_at,updated_at,is_deleted,version) VALUES ('010241ee-8231-4681-9bce-2281fa3df5ea','b9de8de7-c213-480f-b5c3-868bf2107a17',NULL,'Взвешивание','service',1,200,200,'2026-05-31 12:00:00','2026-05-31 12:00:00',0,1);
INSERT INTO visits (id,pet_id,staff_id,visit_type,animal_weight,date,next_visit_date,patient_condition,anamnesis,diagnosis,treatment,notes,total_amount,created_at,updated_at,is_deleted,version) VALUES ('82d4f692-5981-49b5-8b1c-45148cfb61c4','24416e1c-532b-4521-8181-84530cebee7f','540f953c-fbe7-4a39-80af-c269f7a2d1bf','первичный',4.0,'2026-05-13T09:15:00',NULL,'тяжелое','Выделения из глаз, слезотечение','Конъюнктивит','Капли Ципровет, промывание физраствором','Без особенностей',2900,'2026-05-31 12:00:00','2026-05-31 12:00:00',0,1);
INSERT INTO visit_items (id,visit_id,item_id,name,type,quantity,price,total,created_at,updated_at,is_deleted,version) VALUES ('9d216d1c-4925-42be-87cd-e8f3b04d0b34','82d4f692-5981-49b5-8b1c-45148cfb61c4',NULL,'Первичный приём','service',1,2500,2500,'2026-05-31 12:00:00','2026-05-31 12:00:00',0,1);
INSERT INTO visit_items (id,visit_id,item_id,name,type,quantity,price,total,created_at,updated_at,is_deleted,version) VALUES ('a5ed2d0a-95ec-4322-8656-d7f735d5883f','82d4f692-5981-49b5-8b1c-45148cfb61c4',NULL,'Термометрия','service',1,200,200,'2026-05-31 12:00:00','2026-05-31 12:00:00',0,1);
INSERT INTO visit_items (id,visit_id,item_id,name,type,quantity,price,total,created_at,updated_at,is_deleted,version) VALUES ('052bc6ba-4430-4b62-b8dc-19a868ea613e','82d4f692-5981-49b5-8b1c-45148cfb61c4',NULL,'Взвешивание','service',1,200,200,'2026-05-31 12:00:00','2026-05-31 12:00:00',0,1);
INSERT INTO visits (id,pet_id,staff_id,visit_type,animal_weight,date,next_visit_date,patient_condition,anamnesis,diagnosis,treatment,notes,total_amount,created_at,updated_at,is_deleted,version) VALUES ('7c9b2495-44f6-43b2-ae6b-4c1d52110fa3','49569f6d-eb5c-46a4-bf4e-e241ea2660b1','540f953c-fbe7-4a39-80af-c269f7a2d1bf','вторичный',6.2,'2026-05-13T13:00:00','2026-05-26','средней тяжести','Потеря веса, гиперактивность, учащённое сердцебиение','Гипертиреоз','Метимазол, диета','Содержится дома',2700,'2026-05-31 12:00:00','2026-05-31 12:00:00',0,1);
INSERT INTO visit_items (id,visit_id,item_id,name,type,quantity,price,total,created_at,updated_at,is_deleted,version) VALUES ('f6c45782-e620-4024-a914-72f9a3c3bad1','7c9b2495-44f6-43b2-ae6b-4c1d52110fa3',NULL,'Вторичный приём / осмотр','service',1,1800,1800,'2026-05-31 12:00:00','2026-05-31 12:00:00',0,1);
INSERT INTO visit_items (id,visit_id,item_id,name,type,quantity,price,total,created_at,updated_at,is_deleted,version) VALUES ('a068582e-0c50-4e9b-956f-cae9d7b92d91','7c9b2495-44f6-43b2-ae6b-4c1d52110fa3',NULL,'Инъекция внутримышечно','service',1,500,500,'2026-05-31 12:00:00','2026-05-31 12:00:00',0,1);
INSERT INTO visit_items (id,visit_id,item_id,name,type,quantity,price,total,created_at,updated_at,is_deleted,version) VALUES ('a2c8a872-3f55-4f7a-a4e0-fb4a0c548f8d','7c9b2495-44f6-43b2-ae6b-4c1d52110fa3',NULL,'Термометрия','service',1,200,200,'2026-05-31 12:00:00','2026-05-31 12:00:00',0,1);
INSERT INTO visit_items (id,visit_id,item_id,name,type,quantity,price,total,created_at,updated_at,is_deleted,version) VALUES ('d5b01234-a527-4c79-a034-1a4b997adacb','7c9b2495-44f6-43b2-ae6b-4c1d52110fa3',NULL,'Взвешивание','service',1,200,200,'2026-05-31 12:00:00','2026-05-31 12:00:00',0,1);
INSERT INTO visits (id,pet_id,staff_id,visit_type,animal_weight,date,next_visit_date,patient_condition,anamnesis,diagnosis,treatment,notes,total_amount,created_at,updated_at,is_deleted,version) VALUES ('1dcd6ecd-ab48-43b3-88e4-36bb465c73ea','49569f6d-eb5c-46a4-bf4e-e241ea2660b1','bc31b973-eaef-4ab0-9f36-6c7ddbd7297b','вторичный',6.1,'2026-05-14T09:30:00',NULL,'средней тяжести','Выделения из глаз, слезотечение','Конъюнктивит','Капли Ципровет, промывание физраствором','Динамика положительная',2000,'2026-05-31 12:00:00','2026-05-31 12:00:00',0,1);
INSERT INTO visit_items (id,visit_id,item_id,name,type,quantity,price,total,created_at,updated_at,is_deleted,version) VALUES ('bf826e6a-d050-4a66-ba8f-0c8de87a8f23','1dcd6ecd-ab48-43b3-88e4-36bb465c73ea',NULL,'Вторичный приём / осмотр','service',1,1800,1800,'2026-05-31 12:00:00','2026-05-31 12:00:00',0,1);
INSERT INTO visit_items (id,visit_id,item_id,name,type,quantity,price,total,created_at,updated_at,is_deleted,version) VALUES ('964064c7-e651-457d-8fa1-cfcf0d5ef10c','1dcd6ecd-ab48-43b3-88e4-36bb465c73ea',NULL,'Термометрия','service',1,200,200,'2026-05-31 12:00:00','2026-05-31 12:00:00',0,1);
INSERT INTO visits (id,pet_id,staff_id,visit_type,animal_weight,date,next_visit_date,patient_condition,anamnesis,diagnosis,treatment,notes,total_amount,created_at,updated_at,is_deleted,version) VALUES ('af968669-5bfd-41d1-a21d-1d6e9696d5e2','6f6df4d0-23a9-46c4-99d5-99652ddd7ced','bc31b973-eaef-4ab0-9f36-6c7ddbd7297b','первичный',7.2,'2026-05-14T11:45:00','2026-06-02','удовлетворительное','Вес выше нормы, одышка','Ожирение','Диета Royal Canin Obesity, контроль веса','',2700,'2026-05-31 12:00:00','2026-05-31 12:00:00',0,1);
INSERT INTO visit_items (id,visit_id,item_id,name,type,quantity,price,total,created_at,updated_at,is_deleted,version) VALUES ('b8f876f9-7930-4941-9908-536f006db89f','af968669-5bfd-41d1-a21d-1d6e9696d5e2',NULL,'Первичный приём','service',1,2500,2500,'2026-05-31 12:00:00','2026-05-31 12:00:00',0,1);
INSERT INTO visit_items (id,visit_id,item_id,name,type,quantity,price,total,created_at,updated_at,is_deleted,version) VALUES ('e4b002fe-7125-4f2d-aef6-c856e501b39d','af968669-5bfd-41d1-a21d-1d6e9696d5e2',NULL,'Взвешивание','service',1,200,200,'2026-05-31 12:00:00','2026-05-31 12:00:00',0,1);
INSERT INTO visits (id,pet_id,staff_id,visit_type,animal_weight,date,next_visit_date,patient_condition,anamnesis,diagnosis,treatment,notes,total_amount,created_at,updated_at,is_deleted,version) VALUES ('346cae20-4ac0-4792-84d2-697f642ffe33','6b06a607-06b2-498e-b62e-cbf354631de0','540f953c-fbe7-4a39-80af-c269f7a2d1bf','вторичный',4.3,'2026-05-15T10:30:00','2026-05-27','лёгкое','Округлые проплешины с шелушением','Дерматофития','Ламикан, обработка помещения','Владелец соблюдает рекомендации',2200,'2026-05-31 12:00:00','2026-05-31 12:00:00',0,1);
INSERT INTO visit_items (id,visit_id,item_id,name,type,quantity,price,total,created_at,updated_at,is_deleted,version) VALUES ('03e88cf4-9616-429f-a128-bba6a0b91be6','346cae20-4ac0-4792-84d2-697f642ffe33',NULL,'Вторичный приём / осмотр','service',1,1800,1800,'2026-05-31 12:00:00','2026-05-31 12:00:00',0,1);
INSERT INTO visit_items (id,visit_id,item_id,name,type,quantity,price,total,created_at,updated_at,is_deleted,version) VALUES ('0c65bfb7-d9aa-4037-a695-7d998c45d127','346cae20-4ac0-4792-84d2-697f642ffe33',NULL,'Термометрия','service',1,200,200,'2026-05-31 12:00:00','2026-05-31 12:00:00',0,1);
INSERT INTO visit_items (id,visit_id,item_id,name,type,quantity,price,total,created_at,updated_at,is_deleted,version) VALUES ('8c5032b5-d049-4435-bd1c-53b31a84be64','346cae20-4ac0-4792-84d2-697f642ffe33',NULL,'Взвешивание','service',1,200,200,'2026-05-31 12:00:00','2026-05-31 12:00:00',0,1);
INSERT INTO visits (id,pet_id,staff_id,visit_type,animal_weight,date,next_visit_date,patient_condition,anamnesis,diagnosis,treatment,notes,total_amount,created_at,updated_at,is_deleted,version) VALUES ('c96f216e-d739-4e14-988d-e930a1950cb7','5380ca58-3a64-42f0-9f0f-6ac09a061784','f63d1c37-db34-4640-b8a8-3166762c66c7','вторичный',3.2,'2026-05-15T14:30:00','2026-05-23','средней тяжести','Покраснение дёсен, слюнотечение, отказ от твёрдой еды','Стоматит','Дентаведин гель, дексаметазон','Содержится дома',2200,'2026-05-31 12:00:00','2026-05-31 12:00:00',0,1);
INSERT INTO visit_items (id,visit_id,item_id,name,type,quantity,price,total,created_at,updated_at,is_deleted,version) VALUES ('26b5fbec-1053-4579-9b04-8336a40d2c86','c96f216e-d739-4e14-988d-e930a1950cb7',NULL,'Вторичный приём / осмотр','service',1,1800,1800,'2026-05-31 12:00:00','2026-05-31 12:00:00',0,1);
INSERT INTO visit_items (id,visit_id,item_id,name,type,quantity,price,total,created_at,updated_at,is_deleted,version) VALUES ('38407c29-e5fb-4427-aa76-fd3da72206c7','c96f216e-d739-4e14-988d-e930a1950cb7',NULL,'Термометрия','service',1,200,200,'2026-05-31 12:00:00','2026-05-31 12:00:00',0,1);
INSERT INTO visit_items (id,visit_id,item_id,name,type,quantity,price,total,created_at,updated_at,is_deleted,version) VALUES ('39087654-43ff-40c1-8737-a8b9e0cfe7df','c96f216e-d739-4e14-988d-e930a1950cb7',NULL,'Взвешивание','service',1,200,200,'2026-05-31 12:00:00','2026-05-31 12:00:00',0,1);
INSERT INTO visits (id,pet_id,staff_id,visit_type,animal_weight,date,next_visit_date,patient_condition,anamnesis,diagnosis,treatment,notes,total_amount,created_at,updated_at,is_deleted,version) VALUES ('c99a1f45-dac6-41d2-af96-c71dc03105b9','2b6eeb67-2e22-4b4d-9709-b5de5a8191b8','bc31b973-eaef-4ab0-9f36-6c7ddbd7297b','вторичный',19.7,'2026-05-16T16:45:00','2026-05-27','здоров','Гнойничковые высыпания, корочки','Пиодерма','Синулокс, хлоргексидин, местная обработка','',2500,'2026-05-31 12:00:00','2026-05-31 12:00:00',0,1);
INSERT INTO visit_items (id,visit_id,item_id,name,type,quantity,price,total,created_at,updated_at,is_deleted,version) VALUES ('da372023-db38-45bd-a995-2f6551293100','c99a1f45-dac6-41d2-af96-c71dc03105b9',NULL,'Вторичный приём / осмотр','service',1,1800,1800,'2026-05-31 12:00:00','2026-05-31 12:00:00',0,1);
INSERT INTO visit_items (id,visit_id,item_id,name,type,quantity,price,total,created_at,updated_at,is_deleted,version) VALUES ('812d5b5f-ca01-4777-a99a-fc1e2f99ded8','c99a1f45-dac6-41d2-af96-c71dc03105b9',NULL,'Инъекция подкожно','service',1,300,300,'2026-05-31 12:00:00','2026-05-31 12:00:00',0,1);
INSERT INTO visit_items (id,visit_id,item_id,name,type,quantity,price,total,created_at,updated_at,is_deleted,version) VALUES ('24e68637-94e6-41c9-b645-b658ef46e621','c99a1f45-dac6-41d2-af96-c71dc03105b9',NULL,'Термометрия','service',1,200,200,'2026-05-31 12:00:00','2026-05-31 12:00:00',0,1);
INSERT INTO visit_items (id,visit_id,item_id,name,type,quantity,price,total,created_at,updated_at,is_deleted,version) VALUES ('539b50f0-f0cb-4ad7-8a87-b4935440439d','c99a1f45-dac6-41d2-af96-c71dc03105b9',NULL,'Взвешивание','service',1,200,200,'2026-05-31 12:00:00','2026-05-31 12:00:00',0,1);
INSERT INTO visits (id,pet_id,staff_id,visit_type,animal_weight,date,next_visit_date,patient_condition,anamnesis,diagnosis,treatment,notes,total_amount,created_at,updated_at,is_deleted,version) VALUES ('120adb0d-3c8d-4121-a6d9-fe68d4b6a4e6','6b65f069-fb4b-49c3-82da-c8910147f393','f63d1c37-db34-4640-b8a8-3166762c66c7','первичный',30.1,'2026-05-16T16:30:00',NULL,'лёгкое','Зуд, краснота кожи, расчёсы','Аллергический дерматит','Цитопойнт, дексаметазон, антигистамин','',2900,'2026-05-31 12:00:00','2026-05-31 12:00:00',0,1);
INSERT INTO visit_items (id,visit_id,item_id,name,type,quantity,price,total,created_at,updated_at,is_deleted,version) VALUES ('65569a07-6581-4376-98e5-caf58f42e5c8','120adb0d-3c8d-4121-a6d9-fe68d4b6a4e6',NULL,'Первичный приём','service',1,2500,2500,'2026-05-31 12:00:00','2026-05-31 12:00:00',0,1);
INSERT INTO visit_items (id,visit_id,item_id,name,type,quantity,price,total,created_at,updated_at,is_deleted,version) VALUES ('e198fa9e-ed9a-46fa-8e06-76faf0ac8bf3','120adb0d-3c8d-4121-a6d9-fe68d4b6a4e6',NULL,'Термометрия','service',1,200,200,'2026-05-31 12:00:00','2026-05-31 12:00:00',0,1);
INSERT INTO visit_items (id,visit_id,item_id,name,type,quantity,price,total,created_at,updated_at,is_deleted,version) VALUES ('da288294-de12-4978-9037-dbd6f96dbe1e','120adb0d-3c8d-4121-a6d9-fe68d4b6a4e6',NULL,'Взвешивание','service',1,200,200,'2026-05-31 12:00:00','2026-05-31 12:00:00',0,1);
INSERT INTO visits (id,pet_id,staff_id,visit_type,animal_weight,date,next_visit_date,patient_condition,anamnesis,diagnosis,treatment,notes,total_amount,created_at,updated_at,is_deleted,version) VALUES ('2139fd0a-622a-4e3f-aa3d-6622f6a55a32','2b6eeb67-2e22-4b4d-9709-b5de5a8191b8','f63d1c37-db34-4640-b8a8-3166762c66c7','вторичный',19.7,'2026-05-18T18:30:00',NULL,'лёгкое','Гнойничковые высыпания, корочки','Пиодерма','Синулокс, хлоргексидин, местная обработка','Владелец соблюдает рекомендации',2200,'2026-05-31 12:00:00','2026-05-31 12:00:00',0,1);
INSERT INTO visit_items (id,visit_id,item_id,name,type,quantity,price,total,created_at,updated_at,is_deleted,version) VALUES ('e86fffc7-16f0-4040-904b-d4dfc176afd7','2139fd0a-622a-4e3f-aa3d-6622f6a55a32',NULL,'Вторичный приём / осмотр','service',1,1800,1800,'2026-05-31 12:00:00','2026-05-31 12:00:00',0,1);
INSERT INTO visit_items (id,visit_id,item_id,name,type,quantity,price,total,created_at,updated_at,is_deleted,version) VALUES ('c8520a8f-ee3d-4ed5-8d1c-da23391ef65a','2139fd0a-622a-4e3f-aa3d-6622f6a55a32',NULL,'Термометрия','service',1,200,200,'2026-05-31 12:00:00','2026-05-31 12:00:00',0,1);
INSERT INTO visit_items (id,visit_id,item_id,name,type,quantity,price,total,created_at,updated_at,is_deleted,version) VALUES ('4b2638c1-133b-456f-9a16-03979d33f0f6','2139fd0a-622a-4e3f-aa3d-6622f6a55a32',NULL,'Взвешивание','service',1,200,200,'2026-05-31 12:00:00','2026-05-31 12:00:00',0,1);
INSERT INTO visits (id,pet_id,staff_id,visit_type,animal_weight,date,next_visit_date,patient_condition,anamnesis,diagnosis,treatment,notes,total_amount,created_at,updated_at,is_deleted,version) VALUES ('88feac52-740a-498e-af4e-78cf56075e17','a082cb29-b40a-4cfa-8f74-b30a062cad8e','bc31b973-eaef-4ab0-9f36-6c7ddbd7297b','вторичный',7.7,'2026-05-18T13:15:00','2026-06-01','тяжелое','Зуд, краснота кожи, расчёсы','Аллергический дерматит','Цитопойнт, дексаметазон, антигистамин','',2200,'2026-05-31 12:00:00','2026-05-31 12:00:00',0,1);
INSERT INTO visit_items (id,visit_id,item_id,name,type,quantity,price,total,created_at,updated_at,is_deleted,version) VALUES ('f8ade826-caa5-4afc-9327-93277d1b0a19','88feac52-740a-498e-af4e-78cf56075e17',NULL,'Вторичный приём / осмотр','service',1,1800,1800,'2026-05-31 12:00:00','2026-05-31 12:00:00',0,1);
INSERT INTO visit_items (id,visit_id,item_id,name,type,quantity,price,total,created_at,updated_at,is_deleted,version) VALUES ('269c422b-0d49-4e55-8f0e-16c06c057a13','88feac52-740a-498e-af4e-78cf56075e17',NULL,'Термометрия','service',1,200,200,'2026-05-31 12:00:00','2026-05-31 12:00:00',0,1);
INSERT INTO visit_items (id,visit_id,item_id,name,type,quantity,price,total,created_at,updated_at,is_deleted,version) VALUES ('fba8a1f9-f939-47f3-b5e7-53231ec08d17','88feac52-740a-498e-af4e-78cf56075e17',NULL,'Взвешивание','service',1,200,200,'2026-05-31 12:00:00','2026-05-31 12:00:00',0,1);
INSERT INTO visits (id,pet_id,staff_id,visit_type,animal_weight,date,next_visit_date,patient_condition,anamnesis,diagnosis,treatment,notes,total_amount,created_at,updated_at,is_deleted,version) VALUES ('bc7799e2-6d44-4d74-bd31-4648a1058e3b','2b6eeb67-2e22-4b4d-9709-b5de5a8191b8','540f953c-fbe7-4a39-80af-c269f7a2d1bf','вторичный',20.0,'2026-05-18T10:45:00',NULL,'удовлетворительное','Рвота, слюнотечение, угнетение','Отравление','Энтеросорбент, промывание желудка, капельница','',2200,'2026-05-31 12:00:00','2026-05-31 12:00:00',0,1);
INSERT INTO visit_items (id,visit_id,item_id,name,type,quantity,price,total,created_at,updated_at,is_deleted,version) VALUES ('929d577a-6dad-44a0-8c5a-7985bbcdde2a','bc7799e2-6d44-4d74-bd31-4648a1058e3b',NULL,'Вторичный приём / осмотр','service',1,1800,1800,'2026-05-31 12:00:00','2026-05-31 12:00:00',0,1);
INSERT INTO visit_items (id,visit_id,item_id,name,type,quantity,price,total,created_at,updated_at,is_deleted,version) VALUES ('86ab5b5b-a456-424e-98e9-54fe32afa7d8','bc7799e2-6d44-4d74-bd31-4648a1058e3b',NULL,'Термометрия','service',1,200,200,'2026-05-31 12:00:00','2026-05-31 12:00:00',0,1);
INSERT INTO visit_items (id,visit_id,item_id,name,type,quantity,price,total,created_at,updated_at,is_deleted,version) VALUES ('6757e5bb-5799-4fa5-8875-e13a248099e3','bc7799e2-6d44-4d74-bd31-4648a1058e3b',NULL,'Взвешивание','service',1,200,200,'2026-05-31 12:00:00','2026-05-31 12:00:00',0,1);
INSERT INTO visits (id,pet_id,staff_id,visit_type,animal_weight,date,next_visit_date,patient_condition,anamnesis,diagnosis,treatment,notes,total_amount,created_at,updated_at,is_deleted,version) VALUES ('e3a4c4a6-0b15-4583-8997-8b512c5289fa','9134ac5d-00a8-4236-9cf3-903480fe88b7','bc31b973-eaef-4ab0-9f36-6c7ddbd7297b','вторичный',22.2,'2026-05-19T18:15:00',NULL,'тяжелое','Кровь в моче, болезненное мочеиспускание','Мочекаменная болезнь','УЗИ мочевого пузыря, диета, спазмолитики','',2200,'2026-05-31 12:00:00','2026-05-31 12:00:00',0,1);
INSERT INTO visit_items (id,visit_id,item_id,name,type,quantity,price,total,created_at,updated_at,is_deleted,version) VALUES ('04b4c62c-1ddf-4129-b800-6795708f0d22','e3a4c4a6-0b15-4583-8997-8b512c5289fa',NULL,'Вторичный приём / осмотр','service',1,1800,1800,'2026-05-31 12:00:00','2026-05-31 12:00:00',0,1);
INSERT INTO visit_items (id,visit_id,item_id,name,type,quantity,price,total,created_at,updated_at,is_deleted,version) VALUES ('79303ac7-6091-4414-b619-34e55c5e5ea4','e3a4c4a6-0b15-4583-8997-8b512c5289fa',NULL,'Термометрия','service',1,200,200,'2026-05-31 12:00:00','2026-05-31 12:00:00',0,1);
INSERT INTO visit_items (id,visit_id,item_id,name,type,quantity,price,total,created_at,updated_at,is_deleted,version) VALUES ('00ae114b-80c7-464a-9cb5-52a91b031853','e3a4c4a6-0b15-4583-8997-8b512c5289fa',NULL,'Взвешивание','service',1,200,200,'2026-05-31 12:00:00','2026-05-31 12:00:00',0,1);
INSERT INTO visits (id,pet_id,staff_id,visit_type,animal_weight,date,next_visit_date,patient_condition,anamnesis,diagnosis,treatment,notes,total_amount,created_at,updated_at,is_deleted,version) VALUES ('c1f3e099-d99a-4a7b-8619-e81b1ce09d52','6e3b5c10-5208-48d5-950b-84ff259115cf','540f953c-fbe7-4a39-80af-c269f7a2d1bf','вторичный',27.6,'2026-05-19T12:30:00',NULL,'лёгкое','Кровавая диарея, рвота, высокая температура','Парвовирусный энтерит','Интенсивная инфузионная терапия, антибиотики','Владелец соблюдает рекомендации',7700,'2026-05-31 12:00:00','2026-05-31 12:00:00',0,1);
INSERT INTO visit_items (id,visit_id,item_id,name,type,quantity,price,total,created_at,updated_at,is_deleted,version) VALUES ('5aaa1e1e-b4e4-44fb-82ad-183cdc8c69e8','c1f3e099-d99a-4a7b-8619-e81b1ce09d52',NULL,'Вторичный приём / осмотр','service',1,1800,1800,'2026-05-31 12:00:00','2026-05-31 12:00:00',0,1);
INSERT INTO visit_items (id,visit_id,item_id,name,type,quantity,price,total,created_at,updated_at,is_deleted,version) VALUES ('10346094-57f3-4794-a4b8-8ca9a615bce8','c1f3e099-d99a-4a7b-8619-e81b1ce09d52',NULL,'Внутривенная диффузия (система)','service',1,1500,1500,'2026-05-31 12:00:00','2026-05-31 12:00:00',0,1);
INSERT INTO visit_items (id,visit_id,item_id,name,type,quantity,price,total,created_at,updated_at,is_deleted,version) VALUES ('a34662eb-84fe-4b93-a982-508dfa4b2ace','c1f3e099-d99a-4a7b-8619-e81b1ce09d52',NULL,'Общий анализ крови','service',1,2500,2500,'2026-05-31 12:00:00','2026-05-31 12:00:00',0,1);
INSERT INTO visit_items (id,visit_id,item_id,name,type,quantity,price,total,created_at,updated_at,is_deleted,version) VALUES ('baf28bae-a275-46ff-9023-984582cb0be7','c1f3e099-d99a-4a7b-8619-e81b1ce09d52',NULL,'Взятие крови','service',1,1500,1500,'2026-05-31 12:00:00','2026-05-31 12:00:00',0,1);
INSERT INTO visit_items (id,visit_id,item_id,name,type,quantity,price,total,created_at,updated_at,is_deleted,version) VALUES ('4cb4eda7-a474-4d0f-b30e-1d5c5d9964dd','c1f3e099-d99a-4a7b-8619-e81b1ce09d52',NULL,'Термометрия','service',1,200,200,'2026-05-31 12:00:00','2026-05-31 12:00:00',0,1);
INSERT INTO visit_items (id,visit_id,item_id,name,type,quantity,price,total,created_at,updated_at,is_deleted,version) VALUES ('34c7cf61-eca6-4845-a48f-5fcf9bc0da18','c1f3e099-d99a-4a7b-8619-e81b1ce09d52',NULL,'Взвешивание','service',1,200,200,'2026-05-31 12:00:00','2026-05-31 12:00:00',0,1);
INSERT INTO visits (id,pet_id,staff_id,visit_type,animal_weight,date,next_visit_date,patient_condition,anamnesis,diagnosis,treatment,notes,total_amount,created_at,updated_at,is_deleted,version) VALUES ('16306a34-bd24-41cc-ba9f-d320bce492bc','21aa8aae-11ae-47dd-b374-8b6c171f0980','540f953c-fbe7-4a39-80af-c269f7a2d1bf','вторичный',32.0,'2026-05-19T13:30:00','2026-06-07','тяжелое','Зуд, краснота кожи, расчёсы','Аллергический дерматит','Цитопойнт, дексаметазон, антигистамин','',2000,'2026-05-31 12:00:00','2026-05-31 12:00:00',0,1);
INSERT INTO visit_items (id,visit_id,item_id,name,type,quantity,price,total,created_at,updated_at,is_deleted,version) VALUES ('6a012968-d536-42cc-a27f-2a5295e7907e','16306a34-bd24-41cc-ba9f-d320bce492bc',NULL,'Вторичный приём / осмотр','service',1,1800,1800,'2026-05-31 12:00:00','2026-05-31 12:00:00',0,1);
INSERT INTO visit_items (id,visit_id,item_id,name,type,quantity,price,total,created_at,updated_at,is_deleted,version) VALUES ('24b52ff5-270e-47fe-98b1-e13d4f5b588e','16306a34-bd24-41cc-ba9f-d320bce492bc',NULL,'Взвешивание','service',1,200,200,'2026-05-31 12:00:00','2026-05-31 12:00:00',0,1);
INSERT INTO visits (id,pet_id,staff_id,visit_type,animal_weight,date,next_visit_date,patient_condition,anamnesis,diagnosis,treatment,notes,total_amount,created_at,updated_at,is_deleted,version) VALUES ('5eb25f08-82cb-4a3a-97a3-3860b9f15e2f','29e53a91-e713-4ea1-a31e-a874367a311f','bc31b973-eaef-4ab0-9f36-6c7ddbd7297b','вторичный',5.1,'2026-05-20T11:30:00',NULL,'здоров','Беспокойство при мочеиспускании, частые позывы','Идиопатический цистит','Спазмолитики, противовоспалительные, диета','',2200,'2026-05-31 12:00:00','2026-05-31 12:00:00',0,1);
INSERT INTO visit_items (id,visit_id,item_id,name,type,quantity,price,total,created_at,updated_at,is_deleted,version) VALUES ('1a7a1d4e-51ef-4ccb-9982-02b3d9001325','5eb25f08-82cb-4a3a-97a3-3860b9f15e2f',NULL,'Вторичный приём / осмотр','service',1,1800,1800,'2026-05-31 12:00:00','2026-05-31 12:00:00',0,1);
INSERT INTO visit_items (id,visit_id,item_id,name,type,quantity,price,total,created_at,updated_at,is_deleted,version) VALUES ('57d954c8-671d-4ef3-8a75-eda87f7abc49','5eb25f08-82cb-4a3a-97a3-3860b9f15e2f',NULL,'Термометрия','service',1,200,200,'2026-05-31 12:00:00','2026-05-31 12:00:00',0,1);
INSERT INTO visit_items (id,visit_id,item_id,name,type,quantity,price,total,created_at,updated_at,is_deleted,version) VALUES ('815a8df6-524d-4052-b2b6-a812c102c661','5eb25f08-82cb-4a3a-97a3-3860b9f15e2f',NULL,'Взвешивание','service',1,200,200,'2026-05-31 12:00:00','2026-05-31 12:00:00',0,1);
INSERT INTO visits (id,pet_id,staff_id,visit_type,animal_weight,date,next_visit_date,patient_condition,anamnesis,diagnosis,treatment,notes,total_amount,created_at,updated_at,is_deleted,version) VALUES ('9f850e30-faea-427e-aab3-446106378ebf','68024baa-0cae-4943-903a-4702d979a5cd','bc31b973-eaef-4ab0-9f36-6c7ddbd7297b','вторичный',6.6,'2026-05-20T15:30:00',NULL,'тяжелое','Кровь в моче, болезненное мочеиспускание','Мочекаменная болезнь','УЗИ мочевого пузыря, диета, спазмолитики','Динамика положительная',2200,'2026-05-31 12:00:00','2026-05-31 12:00:00',0,1);
INSERT INTO visit_items (id,visit_id,item_id,name,type,quantity,price,total,created_at,updated_at,is_deleted,version) VALUES ('1bc6642d-f8c0-4dce-9e4e-9bf196a329bc','9f850e30-faea-427e-aab3-446106378ebf',NULL,'Вторичный приём / осмотр','service',1,1800,1800,'2026-05-31 12:00:00','2026-05-31 12:00:00',0,1);
INSERT INTO visit_items (id,visit_id,item_id,name,type,quantity,price,total,created_at,updated_at,is_deleted,version) VALUES ('d501758e-875f-4374-9fd7-a902af9f73f6','9f850e30-faea-427e-aab3-446106378ebf',NULL,'Термометрия','service',1,200,200,'2026-05-31 12:00:00','2026-05-31 12:00:00',0,1);
INSERT INTO visit_items (id,visit_id,item_id,name,type,quantity,price,total,created_at,updated_at,is_deleted,version) VALUES ('e459fae7-43db-422c-bd38-7951d4ec4c16','9f850e30-faea-427e-aab3-446106378ebf',NULL,'Взвешивание','service',1,200,200,'2026-05-31 12:00:00','2026-05-31 12:00:00',0,1);
INSERT INTO visits (id,pet_id,staff_id,visit_type,animal_weight,date,next_visit_date,patient_condition,anamnesis,diagnosis,treatment,notes,total_amount,created_at,updated_at,is_deleted,version) VALUES ('b74b2e95-845e-4fe7-acd6-d3b5190f05a3','29e53a91-e713-4ea1-a31e-a874367a311f','bc31b973-eaef-4ab0-9f36-6c7ddbd7297b','вторичный',5.0,'2026-05-20T18:00:00','2026-06-03','средней тяжести','Язвы на языке, чихание, выделения','Кальцивироз','Фелиферон, антибиотики, обезболивание','',2000,'2026-05-31 12:00:00','2026-05-31 12:00:00',0,1);
INSERT INTO visit_items (id,visit_id,item_id,name,type,quantity,price,total,created_at,updated_at,is_deleted,version) VALUES ('3673916d-cb21-43ca-81f3-861a087e7327','b74b2e95-845e-4fe7-acd6-d3b5190f05a3',NULL,'Вторичный приём / осмотр','service',1,1800,1800,'2026-05-31 12:00:00','2026-05-31 12:00:00',0,1);
INSERT INTO visit_items (id,visit_id,item_id,name,type,quantity,price,total,created_at,updated_at,is_deleted,version) VALUES ('62a62191-4379-4f60-9c51-d24aa285034e','b74b2e95-845e-4fe7-acd6-d3b5190f05a3',NULL,'Взвешивание','service',1,200,200,'2026-05-31 12:00:00','2026-05-31 12:00:00',0,1);
INSERT INTO visits (id,pet_id,staff_id,visit_type,animal_weight,date,next_visit_date,patient_condition,anamnesis,diagnosis,treatment,notes,total_amount,created_at,updated_at,is_deleted,version) VALUES ('115ded1f-5563-4e88-900a-8614cd1f0318','55472fd3-4bee-46d9-9851-d1f612f043cd','bc31b973-eaef-4ab0-9f36-6c7ddbd7297b','вторичный',3.9,'2026-05-20T16:00:00',NULL,'тяжелое','Периодическая рвота, отказ от корма','Гастрит','Маалокс, омепразол, диета','Кормление влажным кормом',2300,'2026-05-31 12:00:00','2026-05-31 12:00:00',0,1);
INSERT INTO visit_items (id,visit_id,item_id,name,type,quantity,price,total,created_at,updated_at,is_deleted,version) VALUES ('ec031b07-1f87-40b4-9a60-4d610b6c8a02','115ded1f-5563-4e88-900a-8614cd1f0318',NULL,'Вторичный приём / осмотр','service',1,1800,1800,'2026-05-31 12:00:00','2026-05-31 12:00:00',0,1);
INSERT INTO visit_items (id,visit_id,item_id,name,type,quantity,price,total,created_at,updated_at,is_deleted,version) VALUES ('f11a15d4-fc7c-4d12-a3b2-062835ff84b9','115ded1f-5563-4e88-900a-8614cd1f0318',NULL,'Инъекция подкожно','service',1,300,300,'2026-05-31 12:00:00','2026-05-31 12:00:00',0,1);
INSERT INTO visit_items (id,visit_id,item_id,name,type,quantity,price,total,created_at,updated_at,is_deleted,version) VALUES ('2ac62130-9f1d-4dc5-94cf-cfed196be08a','115ded1f-5563-4e88-900a-8614cd1f0318',NULL,'Термометрия','service',1,200,200,'2026-05-31 12:00:00','2026-05-31 12:00:00',0,1);
INSERT INTO visits (id,pet_id,staff_id,visit_type,animal_weight,date,next_visit_date,patient_condition,anamnesis,diagnosis,treatment,notes,total_amount,created_at,updated_at,is_deleted,version) VALUES ('c957a4b3-c09a-478e-b2a4-6061cbaee038','21aa8aae-11ae-47dd-b374-8b6c171f0980','f63d1c37-db34-4640-b8a8-3166762c66c7','первичный',31.8,'2026-05-20T10:30:00','2026-05-27','здоров','Облысение, гнойные корочки','Кожный клещ (демодекоз)','Симпарика, местная обработка, иммунокоррекция','',4900,'2026-05-31 12:00:00','2026-05-31 12:00:00',0,1);
INSERT INTO visit_items (id,visit_id,item_id,name,type,quantity,price,total,created_at,updated_at,is_deleted,version) VALUES ('b43d2ff5-0604-4928-bab0-915b8fe21cb7','c957a4b3-c09a-478e-b2a4-6061cbaee038',NULL,'Первичный приём','service',1,2500,2500,'2026-05-31 12:00:00','2026-05-31 12:00:00',0,1);
INSERT INTO visit_items (id,visit_id,item_id,name,type,quantity,price,total,created_at,updated_at,is_deleted,version) VALUES ('71894a0b-1048-43a7-b3f8-4223513b2a8b','c957a4b3-c09a-478e-b2a4-6061cbaee038',NULL,'Глубокий соскоб/отпечаток кожных покровов (1 стекло)','service',1,2000,2000,'2026-05-31 12:00:00','2026-05-31 12:00:00',0,1);
INSERT INTO visit_items (id,visit_id,item_id,name,type,quantity,price,total,created_at,updated_at,is_deleted,version) VALUES ('a1e40630-09e9-4441-b53c-581b0b56afbd','c957a4b3-c09a-478e-b2a4-6061cbaee038',NULL,'Термометрия','service',1,200,200,'2026-05-31 12:00:00','2026-05-31 12:00:00',0,1);
INSERT INTO visit_items (id,visit_id,item_id,name,type,quantity,price,total,created_at,updated_at,is_deleted,version) VALUES ('2572c617-5843-4bb8-aa21-1fbd9294b01f','c957a4b3-c09a-478e-b2a4-6061cbaee038',NULL,'Взвешивание','service',1,200,200,'2026-05-31 12:00:00','2026-05-31 12:00:00',0,1);
INSERT INTO visits (id,pet_id,staff_id,visit_type,animal_weight,date,next_visit_date,patient_condition,anamnesis,diagnosis,treatment,notes,total_amount,created_at,updated_at,is_deleted,version) VALUES ('3d216aaa-41d9-42cb-b6a3-1a95c06f20ca','eb310481-eabc-4095-95cc-46feb8c906a2','bc31b973-eaef-4ab0-9f36-6c7ddbd7297b','первичный',4.8,'2026-05-20T16:00:00',NULL,'удовлетворительное','Тряска головой, расчёсы у ушей','Ушной клещ','Амит форте, чистка ушей','',5200,'2026-05-31 12:00:00','2026-05-31 12:00:00',0,1);
INSERT INTO visit_items (id,visit_id,item_id,name,type,quantity,price,total,created_at,updated_at,is_deleted,version) VALUES ('b386a7ac-26e3-4525-8645-377216537410','3d216aaa-41d9-42cb-b6a3-1a95c06f20ca',NULL,'Первичный приём','service',1,2500,2500,'2026-05-31 12:00:00','2026-05-31 12:00:00',0,1);
INSERT INTO visit_items (id,visit_id,item_id,name,type,quantity,price,total,created_at,updated_at,is_deleted,version) VALUES ('f8459da9-e114-4188-ac1f-0816e803414b','3d216aaa-41d9-42cb-b6a3-1a95c06f20ca',NULL,'Глубокий соскоб/отпечаток кожных покровов (1 стекло)','service',1,2000,2000,'2026-05-31 12:00:00','2026-05-31 12:00:00',0,1);
INSERT INTO visit_items (id,visit_id,item_id,name,type,quantity,price,total,created_at,updated_at,is_deleted,version) VALUES ('70405486-bc09-491c-9f66-5ba7010ac027','3d216aaa-41d9-42cb-b6a3-1a95c06f20ca',NULL,'Инъекция внутримышечно','service',1,500,500,'2026-05-31 12:00:00','2026-05-31 12:00:00',0,1);
INSERT INTO visit_items (id,visit_id,item_id,name,type,quantity,price,total,created_at,updated_at,is_deleted,version) VALUES ('6c9a5b4c-1b88-474d-a53a-59a0f1052d06','3d216aaa-41d9-42cb-b6a3-1a95c06f20ca',NULL,'Взвешивание','service',1,200,200,'2026-05-31 12:00:00','2026-05-31 12:00:00',0,1);
INSERT INTO visits (id,pet_id,staff_id,visit_type,animal_weight,date,next_visit_date,patient_condition,anamnesis,diagnosis,treatment,notes,total_amount,created_at,updated_at,is_deleted,version) VALUES ('6feecc1d-bd3b-409c-a709-589e93651fbd','1db8e3ec-f1eb-4bb9-9061-503180042ddf','bc31b973-eaef-4ab0-9f36-6c7ddbd7297b','первичный',4.5,'2026-05-21T15:00:00','2026-05-30','здоров','Болезненная припухлость под кожей','Абсцесс','Вскрытие, промывание, амоксициллин','',2900,'2026-05-31 12:00:00','2026-05-31 12:00:00',0,1);
INSERT INTO visit_items (id,visit_id,item_id,name,type,quantity,price,total,created_at,updated_at,is_deleted,version) VALUES ('05b07203-bbde-4977-9f7a-8a8c83d38827','6feecc1d-bd3b-409c-a709-589e93651fbd',NULL,'Первичный приём','service',1,2500,2500,'2026-05-31 12:00:00','2026-05-31 12:00:00',0,1);
INSERT INTO visit_items (id,visit_id,item_id,name,type,quantity,price,total,created_at,updated_at,is_deleted,version) VALUES ('da25fc79-4966-499a-9714-7eb2dc98c129','6feecc1d-bd3b-409c-a709-589e93651fbd',NULL,'Термометрия','service',1,200,200,'2026-05-31 12:00:00','2026-05-31 12:00:00',0,1);
INSERT INTO visit_items (id,visit_id,item_id,name,type,quantity,price,total,created_at,updated_at,is_deleted,version) VALUES ('9a5ab734-08de-4a66-9fe4-0649d5d37fc9','6feecc1d-bd3b-409c-a709-589e93651fbd',NULL,'Взвешивание','service',1,200,200,'2026-05-31 12:00:00','2026-05-31 12:00:00',0,1);
INSERT INTO visits (id,pet_id,staff_id,visit_type,animal_weight,date,next_visit_date,patient_condition,anamnesis,diagnosis,treatment,notes,total_amount,created_at,updated_at,is_deleted,version) VALUES ('ba0c824f-c945-41ec-a112-4368dc8c5882','9134ac5d-00a8-4236-9cf3-903480fe88b7','f63d1c37-db34-4640-b8a8-3166762c66c7','вторичный',21.7,'2026-05-21T16:15:00','2026-06-08','лёгкое','Покраснение глаз, выделения','Конъюнктивит','Ципровет, промывание физраствором','Кормление влажным кормом',2200,'2026-05-31 12:00:00','2026-05-31 12:00:00',0,1);
INSERT INTO visit_items (id,visit_id,item_id,name,type,quantity,price,total,created_at,updated_at,is_deleted,version) VALUES ('0fdbae6d-5c02-4334-97ea-90f2a68c1ca5','ba0c824f-c945-41ec-a112-4368dc8c5882',NULL,'Вторичный приём / осмотр','service',1,1800,1800,'2026-05-31 12:00:00','2026-05-31 12:00:00',0,1);
INSERT INTO visit_items (id,visit_id,item_id,name,type,quantity,price,total,created_at,updated_at,is_deleted,version) VALUES ('07b58759-73fb-4d92-bfad-4dcc3ce973ca','ba0c824f-c945-41ec-a112-4368dc8c5882',NULL,'Термометрия','service',1,200,200,'2026-05-31 12:00:00','2026-05-31 12:00:00',0,1);
INSERT INTO visit_items (id,visit_id,item_id,name,type,quantity,price,total,created_at,updated_at,is_deleted,version) VALUES ('637c32cf-72dc-4ea3-84cf-99851fec234b','ba0c824f-c945-41ec-a112-4368dc8c5882',NULL,'Взвешивание','service',1,200,200,'2026-05-31 12:00:00','2026-05-31 12:00:00',0,1);
INSERT INTO visits (id,pet_id,staff_id,visit_type,animal_weight,date,next_visit_date,patient_condition,anamnesis,diagnosis,treatment,notes,total_amount,created_at,updated_at,is_deleted,version) VALUES ('57848dda-c135-4297-afbf-899042bb2c7c','9134ac5d-00a8-4236-9cf3-903480fe88b7','f63d1c37-db34-4640-b8a8-3166762c66c7','вторичный',21.7,'2026-05-21T17:30:00','2026-06-07','средней тяжести','Хромота, болезненность при пальпации','Травма конечности','Рентген, обезболивание, фиксация','',7200,'2026-05-31 12:00:00','2026-05-31 12:00:00',0,1);
INSERT INTO visit_items (id,visit_id,item_id,name,type,quantity,price,total,created_at,updated_at,is_deleted,version) VALUES ('e491de90-290c-4514-96d9-0ab04c4e374a','57848dda-c135-4297-afbf-899042bb2c7c',NULL,'Вторичный приём / осмотр','service',1,1800,1800,'2026-05-31 12:00:00','2026-05-31 12:00:00',0,1);
INSERT INTO visit_items (id,visit_id,item_id,name,type,quantity,price,total,created_at,updated_at,is_deleted,version) VALUES ('5f37be63-5ce6-4343-9970-6f3ce9a00654','57848dda-c135-4297-afbf-899042bb2c7c',NULL,'Рентген, 1 проекция','service',1,5000,5000,'2026-05-31 12:00:00','2026-05-31 12:00:00',0,1);
INSERT INTO visit_items (id,visit_id,item_id,name,type,quantity,price,total,created_at,updated_at,is_deleted,version) VALUES ('f81c1980-e97e-4c14-8774-ccf869c03bb5','57848dda-c135-4297-afbf-899042bb2c7c',NULL,'Термометрия','service',1,200,200,'2026-05-31 12:00:00','2026-05-31 12:00:00',0,1);
INSERT INTO visit_items (id,visit_id,item_id,name,type,quantity,price,total,created_at,updated_at,is_deleted,version) VALUES ('82e632f0-bd88-4ce2-abf8-0456abb4eccb','57848dda-c135-4297-afbf-899042bb2c7c',NULL,'Взвешивание','service',1,200,200,'2026-05-31 12:00:00','2026-05-31 12:00:00',0,1);
INSERT INTO visits (id,pet_id,staff_id,visit_type,animal_weight,date,next_visit_date,patient_condition,anamnesis,diagnosis,treatment,notes,total_amount,created_at,updated_at,is_deleted,version) VALUES ('83284f8d-1605-4557-8a77-51664e3aa23e','6b65f069-fb4b-49c3-82da-c8910147f393','bc31b973-eaef-4ab0-9f36-6c7ddbd7297b','вторичный',30.3,'2026-05-21T17:45:00',NULL,'средней тяжести','Кровавая диарея, рвота, высокая температура','Парвовирусный энтерит','Интенсивная инфузионная терапия, антибиотики','Динамика положительная',8000,'2026-05-31 12:00:00','2026-05-31 12:00:00',0,1);
INSERT INTO visit_items (id,visit_id,item_id,name,type,quantity,price,total,created_at,updated_at,is_deleted,version) VALUES ('7af8a8b3-7fa7-45fc-90b6-17042568cbd9','83284f8d-1605-4557-8a77-51664e3aa23e',NULL,'Вторичный приём / осмотр','service',1,1800,1800,'2026-05-31 12:00:00','2026-05-31 12:00:00',0,1);
INSERT INTO visit_items (id,visit_id,item_id,name,type,quantity,price,total,created_at,updated_at,is_deleted,version) VALUES ('9e3e7a62-9595-42ef-9bf4-fb96a1bb6c6e','83284f8d-1605-4557-8a77-51664e3aa23e',NULL,'Внутривенная диффузия (система)','service',1,1500,1500,'2026-05-31 12:00:00','2026-05-31 12:00:00',0,1);
INSERT INTO visit_items (id,visit_id,item_id,name,type,quantity,price,total,created_at,updated_at,is_deleted,version) VALUES ('85c31ca6-ebda-46cd-9f3b-571dfd38012b','83284f8d-1605-4557-8a77-51664e3aa23e',NULL,'Общий анализ крови','service',1,2500,2500,'2026-05-31 12:00:00','2026-05-31 12:00:00',0,1);
INSERT INTO visit_items (id,visit_id,item_id,name,type,quantity,price,total,created_at,updated_at,is_deleted,version) VALUES ('82c21c21-fc9c-4303-94f5-aba065e80fd1','83284f8d-1605-4557-8a77-51664e3aa23e',NULL,'Взятие крови','service',1,1500,1500,'2026-05-31 12:00:00','2026-05-31 12:00:00',0,1);
INSERT INTO visit_items (id,visit_id,item_id,name,type,quantity,price,total,created_at,updated_at,is_deleted,version) VALUES ('a463e49b-1e3a-4be7-b93a-083b0d639b74','83284f8d-1605-4557-8a77-51664e3aa23e',NULL,'Инъекция подкожно','service',1,300,300,'2026-05-31 12:00:00','2026-05-31 12:00:00',0,1);
INSERT INTO visit_items (id,visit_id,item_id,name,type,quantity,price,total,created_at,updated_at,is_deleted,version) VALUES ('9f9d7181-6cef-4adc-adbf-cf027330b6d7','83284f8d-1605-4557-8a77-51664e3aa23e',NULL,'Термометрия','service',1,200,200,'2026-05-31 12:00:00','2026-05-31 12:00:00',0,1);
INSERT INTO visit_items (id,visit_id,item_id,name,type,quantity,price,total,created_at,updated_at,is_deleted,version) VALUES ('60f21225-ca34-47f0-981f-7feda31a17ee','83284f8d-1605-4557-8a77-51664e3aa23e',NULL,'Взвешивание','service',1,200,200,'2026-05-31 12:00:00','2026-05-31 12:00:00',0,1);
INSERT INTO visits (id,pet_id,staff_id,visit_type,animal_weight,date,next_visit_date,patient_condition,anamnesis,diagnosis,treatment,notes,total_amount,created_at,updated_at,is_deleted,version) VALUES ('966bbc24-08bc-4bee-bbd4-51717d2f5c84','78444091-7efb-4ca4-985d-053604675938','f63d1c37-db34-4640-b8a8-3166762c66c7','вторичный',35.3,'2026-05-21T11:45:00',NULL,'лёгкое','Хромота на задние конечности, боль при движении','Дисплазия ТБС','НПВС, хондропротекторы, ограничение нагрузок','Животное беспокойное, фиксация затруднена',2200,'2026-05-31 12:00:00','2026-05-31 12:00:00',0,1);
INSERT INTO visit_items (id,visit_id,item_id,name,type,quantity,price,total,created_at,updated_at,is_deleted,version) VALUES ('a9830951-b967-45d2-8902-50034ecdcaf9','966bbc24-08bc-4bee-bbd4-51717d2f5c84',NULL,'Вторичный приём / осмотр','service',1,1800,1800,'2026-05-31 12:00:00','2026-05-31 12:00:00',0,1);
INSERT INTO visit_items (id,visit_id,item_id,name,type,quantity,price,total,created_at,updated_at,is_deleted,version) VALUES ('22d10183-b836-45b8-a4cb-b36aff29f9d3','966bbc24-08bc-4bee-bbd4-51717d2f5c84',NULL,'Термометрия','service',1,200,200,'2026-05-31 12:00:00','2026-05-31 12:00:00',0,1);
INSERT INTO visit_items (id,visit_id,item_id,name,type,quantity,price,total,created_at,updated_at,is_deleted,version) VALUES ('bf22a5d3-1564-4175-be7d-998c2ac9992a','966bbc24-08bc-4bee-bbd4-51717d2f5c84',NULL,'Взвешивание','service',1,200,200,'2026-05-31 12:00:00','2026-05-31 12:00:00',0,1);
INSERT INTO visits (id,pet_id,staff_id,visit_type,animal_weight,date,next_visit_date,patient_condition,anamnesis,diagnosis,treatment,notes,total_amount,created_at,updated_at,is_deleted,version) VALUES ('eecb1f25-8276-4713-9f65-86355d4fd00c','6f6df4d0-23a9-46c4-99d5-99652ddd7ced','540f953c-fbe7-4a39-80af-c269f7a2d1bf','вторичный',7.1,'2026-05-21T11:45:00','2026-06-02','лёгкое','Зуд, расчёсы, алопеция','Блошиный дерматит','Стронгхолд, дексаметазон при выраженном зуде','',2000,'2026-05-31 12:00:00','2026-05-31 12:00:00',0,1);
INSERT INTO visit_items (id,visit_id,item_id,name,type,quantity,price,total,created_at,updated_at,is_deleted,version) VALUES ('24233f2a-92ef-4b99-9f33-16dc6a3e2611','eecb1f25-8276-4713-9f65-86355d4fd00c',NULL,'Вторичный приём / осмотр','service',1,1800,1800,'2026-05-31 12:00:00','2026-05-31 12:00:00',0,1);
INSERT INTO visit_items (id,visit_id,item_id,name,type,quantity,price,total,created_at,updated_at,is_deleted,version) VALUES ('d1e662b2-a672-4bdd-9948-125a90915f96','eecb1f25-8276-4713-9f65-86355d4fd00c',NULL,'Термометрия','service',1,200,200,'2026-05-31 12:00:00','2026-05-31 12:00:00',0,1);
INSERT INTO visits (id,pet_id,staff_id,visit_type,animal_weight,date,next_visit_date,patient_condition,anamnesis,diagnosis,treatment,notes,total_amount,created_at,updated_at,is_deleted,version) VALUES ('b7903b79-de3e-482d-a104-2aaf50c6c637','78444091-7efb-4ca4-985d-053604675938','f63d1c37-db34-4640-b8a8-3166762c66c7','вторичный',35.0,'2026-05-22T16:00:00',NULL,'лёгкое','Рвота, слюнотечение, угнетение','Отравление','Энтеросорбент, промывание желудка, капельница','Содержится дома',2200,'2026-05-31 12:00:00','2026-05-31 12:00:00',0,1);
INSERT INTO visit_items (id,visit_id,item_id,name,type,quantity,price,total,created_at,updated_at,is_deleted,version) VALUES ('bb0e16d0-00d5-4b08-a82f-6e89d1e397e1','b7903b79-de3e-482d-a104-2aaf50c6c637',NULL,'Вторичный приём / осмотр','service',1,1800,1800,'2026-05-31 12:00:00','2026-05-31 12:00:00',0,1);
INSERT INTO visit_items (id,visit_id,item_id,name,type,quantity,price,total,created_at,updated_at,is_deleted,version) VALUES ('a90155ac-432b-44d9-aa43-1d1bb8d673bd','b7903b79-de3e-482d-a104-2aaf50c6c637',NULL,'Термометрия','service',1,200,200,'2026-05-31 12:00:00','2026-05-31 12:00:00',0,1);
INSERT INTO visit_items (id,visit_id,item_id,name,type,quantity,price,total,created_at,updated_at,is_deleted,version) VALUES ('d5710e49-8f5d-42ba-a31e-b154c8cce86b','b7903b79-de3e-482d-a104-2aaf50c6c637',NULL,'Взвешивание','service',1,200,200,'2026-05-31 12:00:00','2026-05-31 12:00:00',0,1);
INSERT INTO visits (id,pet_id,staff_id,visit_type,animal_weight,date,next_visit_date,patient_condition,anamnesis,diagnosis,treatment,notes,total_amount,created_at,updated_at,is_deleted,version) VALUES ('7c2220d9-0243-484e-88e4-2365dc5efee5','6e3b5c10-5208-48d5-950b-84ff259115cf','f63d1c37-db34-4640-b8a8-3166762c66c7','вторичный',28.1,'2026-05-22T11:30:00',NULL,'здоров','Расстройство пищеварения, потеря веса','Инвазия кишечная (гельминтоз)','Мильбемакс, контроль через 14 дней','Плановый осмотр',5700,'2026-05-31 12:00:00','2026-05-31 12:00:00',0,1);
INSERT INTO visit_items (id,visit_id,item_id,name,type,quantity,price,total,created_at,updated_at,is_deleted,version) VALUES ('def6ffdc-bec4-4990-9250-d2dc2be1db28','7c2220d9-0243-484e-88e4-2365dc5efee5',NULL,'Вторичный приём / осмотр','service',1,1800,1800,'2026-05-31 12:00:00','2026-05-31 12:00:00',0,1);
INSERT INTO visit_items (id,visit_id,item_id,name,type,quantity,price,total,created_at,updated_at,is_deleted,version) VALUES ('c65a9a59-aa79-466d-b36d-b74b61290182','7c2220d9-0243-484e-88e4-2365dc5efee5',NULL,'Паразитологический анализ кала (нативный мазок + флотация)','service',1,3500,3500,'2026-05-31 12:00:00','2026-05-31 12:00:00',0,1);
INSERT INTO visit_items (id,visit_id,item_id,name,type,quantity,price,total,created_at,updated_at,is_deleted,version) VALUES ('01769ee2-aa85-4bee-95b8-644180aba36d','7c2220d9-0243-484e-88e4-2365dc5efee5',NULL,'Термометрия','service',1,200,200,'2026-05-31 12:00:00','2026-05-31 12:00:00',0,1);
INSERT INTO visit_items (id,visit_id,item_id,name,type,quantity,price,total,created_at,updated_at,is_deleted,version) VALUES ('a7320b37-ac2c-45dc-8519-1912add4c9bf','7c2220d9-0243-484e-88e4-2365dc5efee5',NULL,'Взвешивание','service',1,200,200,'2026-05-31 12:00:00','2026-05-31 12:00:00',0,1);
INSERT INTO visits (id,pet_id,staff_id,visit_type,animal_weight,date,next_visit_date,patient_condition,anamnesis,diagnosis,treatment,notes,total_amount,created_at,updated_at,is_deleted,version) VALUES ('e4325b12-8ff2-4791-b9d0-42b4ef68e42b','31672d40-6984-450e-92e5-5d34f1a88a4e','540f953c-fbe7-4a39-80af-c269f7a2d1bf','вторичный',12.5,'2026-05-23T11:00:00',NULL,'тяжелое','Высокая температура, тёмная моча, слабость','Пироплазмоз','Беренил, капельница, поддерживающая терапия','',8000,'2026-05-31 12:00:00','2026-05-31 12:00:00',0,1);
INSERT INTO visit_items (id,visit_id,item_id,name,type,quantity,price,total,created_at,updated_at,is_deleted,version) VALUES ('c12bfb97-04ed-4e58-a804-7723f0dd56b5','e4325b12-8ff2-4791-b9d0-42b4ef68e42b',NULL,'Вторичный приём / осмотр','service',1,1800,1800,'2026-05-31 12:00:00','2026-05-31 12:00:00',0,1);
INSERT INTO visit_items (id,visit_id,item_id,name,type,quantity,price,total,created_at,updated_at,is_deleted,version) VALUES ('06c49413-4d01-44cd-85af-0157ce989ca9','e4325b12-8ff2-4791-b9d0-42b4ef68e42b',NULL,'Общий анализ крови','service',1,2500,2500,'2026-05-31 12:00:00','2026-05-31 12:00:00',0,1);
INSERT INTO visit_items (id,visit_id,item_id,name,type,quantity,price,total,created_at,updated_at,is_deleted,version) VALUES ('b2dd0718-ec86-4d6b-98bc-9541748a67cd','e4325b12-8ff2-4791-b9d0-42b4ef68e42b',NULL,'Взятие крови','service',1,1500,1500,'2026-05-31 12:00:00','2026-05-31 12:00:00',0,1);
INSERT INTO visit_items (id,visit_id,item_id,name,type,quantity,price,total,created_at,updated_at,is_deleted,version) VALUES ('250db6ff-e618-4112-98de-e48f3ee5ab4d','e4325b12-8ff2-4791-b9d0-42b4ef68e42b',NULL,'Внутривенная диффузия (система)','service',1,1500,1500,'2026-05-31 12:00:00','2026-05-31 12:00:00',0,1);
INSERT INTO visit_items (id,visit_id,item_id,name,type,quantity,price,total,created_at,updated_at,is_deleted,version) VALUES ('7ffe957b-3d52-42f6-bbcb-ddf1c65ea83b','e4325b12-8ff2-4791-b9d0-42b4ef68e42b',NULL,'Инъекция подкожно','service',1,300,300,'2026-05-31 12:00:00','2026-05-31 12:00:00',0,1);
INSERT INTO visit_items (id,visit_id,item_id,name,type,quantity,price,total,created_at,updated_at,is_deleted,version) VALUES ('c9d12eed-b178-4f57-861c-e93b8ff6d659','e4325b12-8ff2-4791-b9d0-42b4ef68e42b',NULL,'Термометрия','service',1,200,200,'2026-05-31 12:00:00','2026-05-31 12:00:00',0,1);
INSERT INTO visit_items (id,visit_id,item_id,name,type,quantity,price,total,created_at,updated_at,is_deleted,version) VALUES ('5a1f19e4-8571-4a8b-886d-728697017ed5','e4325b12-8ff2-4791-b9d0-42b4ef68e42b',NULL,'Взвешивание','service',1,200,200,'2026-05-31 12:00:00','2026-05-31 12:00:00',0,1);
INSERT INTO visits (id,pet_id,staff_id,visit_type,animal_weight,date,next_visit_date,patient_condition,anamnesis,diagnosis,treatment,notes,total_amount,created_at,updated_at,is_deleted,version) VALUES ('c72c8c66-ce23-4a20-9194-a340ec35dca9','1db8e3ec-f1eb-4bb9-9061-503180042ddf','f63d1c37-db34-4640-b8a8-3166762c66c7','первичный',3.9,'2026-05-23T13:15:00','2026-06-10','средней тяжести','Потеря веса, гиперактивность, учащённое сердцебиение','Гипертиреоз','Метимазол, диета','Без особенностей',2700,'2026-05-31 12:00:00','2026-05-31 12:00:00',0,1);
INSERT INTO visit_items (id,visit_id,item_id,name,type,quantity,price,total,created_at,updated_at,is_deleted,version) VALUES ('dad04cca-3f9a-4f0d-acbf-748c403f0d5d','c72c8c66-ce23-4a20-9194-a340ec35dca9',NULL,'Первичный приём','service',1,2500,2500,'2026-05-31 12:00:00','2026-05-31 12:00:00',0,1);
INSERT INTO visit_items (id,visit_id,item_id,name,type,quantity,price,total,created_at,updated_at,is_deleted,version) VALUES ('7340f327-5310-45b8-b222-8b8fab30e008','c72c8c66-ce23-4a20-9194-a340ec35dca9',NULL,'Термометрия','service',1,200,200,'2026-05-31 12:00:00','2026-05-31 12:00:00',0,1);
INSERT INTO visits (id,pet_id,staff_id,visit_type,animal_weight,date,next_visit_date,patient_condition,anamnesis,diagnosis,treatment,notes,total_amount,created_at,updated_at,is_deleted,version) VALUES ('8a0da81f-8882-4a8b-bb50-05f9dcd782bc','2b6eeb67-2e22-4b4d-9709-b5de5a8191b8','540f953c-fbe7-4a39-80af-c269f7a2d1bf','вторичный',20.3,'2026-05-23T12:45:00',NULL,'удовлетворительное','Гнойничковые высыпания, корочки','Пиодерма','Синулокс, хлоргексидин, местная обработка','Динамика положительная',2500,'2026-05-31 12:00:00','2026-05-31 12:00:00',0,1);
INSERT INTO visit_items (id,visit_id,item_id,name,type,quantity,price,total,created_at,updated_at,is_deleted,version) VALUES ('8e6f53db-3d2e-4d08-ab11-dadecbd98dad','8a0da81f-8882-4a8b-bb50-05f9dcd782bc',NULL,'Вторичный приём / осмотр','service',1,1800,1800,'2026-05-31 12:00:00','2026-05-31 12:00:00',0,1);
INSERT INTO visit_items (id,visit_id,item_id,name,type,quantity,price,total,created_at,updated_at,is_deleted,version) VALUES ('6d9dcbf5-b715-4bfa-8a25-1f077b03b5b6','8a0da81f-8882-4a8b-bb50-05f9dcd782bc',NULL,'Инъекция внутримышечно','service',1,500,500,'2026-05-31 12:00:00','2026-05-31 12:00:00',0,1);
INSERT INTO visit_items (id,visit_id,item_id,name,type,quantity,price,total,created_at,updated_at,is_deleted,version) VALUES ('90c0164c-d4a7-4ec6-8f55-35eb5f5e5186','8a0da81f-8882-4a8b-bb50-05f9dcd782bc',NULL,'Взвешивание','service',1,200,200,'2026-05-31 12:00:00','2026-05-31 12:00:00',0,1);
INSERT INTO visits (id,pet_id,staff_id,visit_type,animal_weight,date,next_visit_date,patient_condition,anamnesis,diagnosis,treatment,notes,total_amount,created_at,updated_at,is_deleted,version) VALUES ('ef4769fe-9ca4-4214-814f-35fd7a19db87','91ee7945-b3c4-4341-bbed-918fe0e8b00b','540f953c-fbe7-4a39-80af-c269f7a2d1bf','первичный',2.9,'2026-05-23T18:30:00','2026-06-11','лёгкое','Потеря веса, гиперактивность, учащённое сердцебиение','Гипертиреоз','Метимазол, диета','Кормление влажным кормом',2700,'2026-05-31 12:00:00','2026-05-31 12:00:00',0,1);
INSERT INTO visit_items (id,visit_id,item_id,name,type,quantity,price,total,created_at,updated_at,is_deleted,version) VALUES ('466e9d75-e5da-4c9f-b75a-e497fb442247','ef4769fe-9ca4-4214-814f-35fd7a19db87',NULL,'Первичный приём','service',1,2500,2500,'2026-05-31 12:00:00','2026-05-31 12:00:00',0,1);
INSERT INTO visit_items (id,visit_id,item_id,name,type,quantity,price,total,created_at,updated_at,is_deleted,version) VALUES ('95d105a8-8929-4522-baf5-d78b0ace74a3','ef4769fe-9ca4-4214-814f-35fd7a19db87',NULL,'Взвешивание','service',1,200,200,'2026-05-31 12:00:00','2026-05-31 12:00:00',0,1);
INSERT INTO visits (id,pet_id,staff_id,visit_type,animal_weight,date,next_visit_date,patient_condition,anamnesis,diagnosis,treatment,notes,total_amount,created_at,updated_at,is_deleted,version) VALUES ('271bac63-84c1-4324-b522-615a545d2e20','68024baa-0cae-4943-903a-4702d979a5cd','f63d1c37-db34-4640-b8a8-3166762c66c7','вторичный',6.8,'2026-05-23T09:30:00',NULL,'здоров','Гнойничковые высыпания, корочки','Пиодерма','Синулокс, хлоргексидин, местная обработка','Содержится дома',2300,'2026-05-31 12:00:00','2026-05-31 12:00:00',0,1);
INSERT INTO visit_items (id,visit_id,item_id,name,type,quantity,price,total,created_at,updated_at,is_deleted,version) VALUES ('8f3147b0-ff4b-4e4f-999d-e409f347d184','271bac63-84c1-4324-b522-615a545d2e20',NULL,'Вторичный приём / осмотр','service',1,1800,1800,'2026-05-31 12:00:00','2026-05-31 12:00:00',0,1);
INSERT INTO visit_items (id,visit_id,item_id,name,type,quantity,price,total,created_at,updated_at,is_deleted,version) VALUES ('5c4a0909-99c0-4cb2-80c4-58f563942da2','271bac63-84c1-4324-b522-615a545d2e20',NULL,'Инъекция подкожно','service',1,300,300,'2026-05-31 12:00:00','2026-05-31 12:00:00',0,1);
INSERT INTO visit_items (id,visit_id,item_id,name,type,quantity,price,total,created_at,updated_at,is_deleted,version) VALUES ('f6ee26f4-80fc-49c6-9b82-74a02c845950','271bac63-84c1-4324-b522-615a545d2e20',NULL,'Термометрия','service',1,200,200,'2026-05-31 12:00:00','2026-05-31 12:00:00',0,1);
INSERT INTO visits (id,pet_id,staff_id,visit_type,animal_weight,date,next_visit_date,patient_condition,anamnesis,diagnosis,treatment,notes,total_amount,created_at,updated_at,is_deleted,version) VALUES ('883592de-49b2-4212-94dd-2585057987cb','310419de-72ba-445c-aba5-3998cc146b4b','f63d1c37-db34-4640-b8a8-3166762c66c7','вторичный',3.5,'2026-05-23T16:30:00',NULL,'средней тяжести','Выделения из глаз, слезотечение','Конъюнктивит','Капли Ципровет, промывание физраствором','Содержится дома',1800,'2026-05-31 12:00:00','2026-05-31 12:00:00',0,1);
INSERT INTO visit_items (id,visit_id,item_id,name,type,quantity,price,total,created_at,updated_at,is_deleted,version) VALUES ('c808527e-0d33-47bb-b632-557ceaf26e6b','883592de-49b2-4212-94dd-2585057987cb',NULL,'Вторичный приём / осмотр','service',1,1800,1800,'2026-05-31 12:00:00','2026-05-31 12:00:00',0,1);
INSERT INTO visits (id,pet_id,staff_id,visit_type,animal_weight,date,next_visit_date,patient_condition,anamnesis,diagnosis,treatment,notes,total_amount,created_at,updated_at,is_deleted,version) VALUES ('0803636c-335a-47b7-a1ec-d3ae84fc79f9','264ecb30-966a-4024-ae47-0344de2c4260','540f953c-fbe7-4a39-80af-c269f7a2d1bf','первичный',3.7,'2026-05-25T15:00:00','2026-06-05','здоров','Болезненная припухлость под кожей','Абсцесс','Вскрытие, промывание, амоксициллин','',3200,'2026-05-31 12:00:00','2026-05-31 12:00:00',0,1);
INSERT INTO visit_items (id,visit_id,item_id,name,type,quantity,price,total,created_at,updated_at,is_deleted,version) VALUES ('59f16c07-7849-4eed-b923-af28989d2983','0803636c-335a-47b7-a1ec-d3ae84fc79f9',NULL,'Первичный приём','service',1,2500,2500,'2026-05-31 12:00:00','2026-05-31 12:00:00',0,1);
INSERT INTO visit_items (id,visit_id,item_id,name,type,quantity,price,total,created_at,updated_at,is_deleted,version) VALUES ('ce90ccaf-5d05-47ab-9289-e195251a01ba','0803636c-335a-47b7-a1ec-d3ae84fc79f9',NULL,'Инъекция подкожно','service',1,300,300,'2026-05-31 12:00:00','2026-05-31 12:00:00',0,1);
INSERT INTO visit_items (id,visit_id,item_id,name,type,quantity,price,total,created_at,updated_at,is_deleted,version) VALUES ('065aa512-134a-4fb7-9c58-6c026e4f0cd8','0803636c-335a-47b7-a1ec-d3ae84fc79f9',NULL,'Термометрия','service',1,200,200,'2026-05-31 12:00:00','2026-05-31 12:00:00',0,1);
INSERT INTO visit_items (id,visit_id,item_id,name,type,quantity,price,total,created_at,updated_at,is_deleted,version) VALUES ('ea46a25e-5b3d-4c0a-9253-e7dde45383ce','0803636c-335a-47b7-a1ec-d3ae84fc79f9',NULL,'Взвешивание','service',1,200,200,'2026-05-31 12:00:00','2026-05-31 12:00:00',0,1);
INSERT INTO visits (id,pet_id,staff_id,visit_type,animal_weight,date,next_visit_date,patient_condition,anamnesis,diagnosis,treatment,notes,total_amount,created_at,updated_at,is_deleted,version) VALUES ('09696ac3-8029-4842-b21d-f9110474ff5f','29b43a63-03ff-436c-a565-60b123477587','bc31b973-eaef-4ab0-9f36-6c7ddbd7297b','вторичный',3.8,'2026-05-25T17:30:00',NULL,'лёгкое','Зуд, расчёсы, алопеция','Блошиный дерматит','Стронгхолд, дексаметазон при выраженном зуде','Без особенностей',2200,'2026-05-31 12:00:00','2026-05-31 12:00:00',0,1);
INSERT INTO visit_items (id,visit_id,item_id,name,type,quantity,price,total,created_at,updated_at,is_deleted,version) VALUES ('008b771c-9c79-4f46-b3bb-5e70c9c0e47c','09696ac3-8029-4842-b21d-f9110474ff5f',NULL,'Вторичный приём / осмотр','service',1,1800,1800,'2026-05-31 12:00:00','2026-05-31 12:00:00',0,1);
INSERT INTO visit_items (id,visit_id,item_id,name,type,quantity,price,total,created_at,updated_at,is_deleted,version) VALUES ('78c612d2-1f61-44be-a8d8-8e31caaee7ff','09696ac3-8029-4842-b21d-f9110474ff5f',NULL,'Термометрия','service',1,200,200,'2026-05-31 12:00:00','2026-05-31 12:00:00',0,1);
INSERT INTO visit_items (id,visit_id,item_id,name,type,quantity,price,total,created_at,updated_at,is_deleted,version) VALUES ('aa71c414-0520-4d0e-a49e-4a7b848087a4','09696ac3-8029-4842-b21d-f9110474ff5f',NULL,'Взвешивание','service',1,200,200,'2026-05-31 12:00:00','2026-05-31 12:00:00',0,1);
INSERT INTO visits (id,pet_id,staff_id,visit_type,animal_weight,date,next_visit_date,patient_condition,anamnesis,diagnosis,treatment,notes,total_amount,created_at,updated_at,is_deleted,version) VALUES ('bb29d545-d7b9-46c3-8785-2826be12bd93','21aa8aae-11ae-47dd-b374-8b6c171f0980','f63d1c37-db34-4640-b8a8-3166762c66c7','первичный',31.8,'2026-05-25T16:00:00',NULL,'удовлетворительное','Рвота, жидкий стул, вялость','Гастроэнтерит','Регидратация, метронидазол, пробиотики Ветом','',4700,'2026-05-31 12:00:00','2026-05-31 12:00:00',0,1);
INSERT INTO visit_items (id,visit_id,item_id,name,type,quantity,price,total,created_at,updated_at,is_deleted,version) VALUES ('ff410f90-463c-4016-ad48-2442021a418b','bb29d545-d7b9-46c3-8785-2826be12bd93',NULL,'Первичный приём','service',1,2500,2500,'2026-05-31 12:00:00','2026-05-31 12:00:00',0,1);
INSERT INTO visit_items (id,visit_id,item_id,name,type,quantity,price,total,created_at,updated_at,is_deleted,version) VALUES ('ba66fcb9-4e45-4b55-aed5-3142d11d1fd8','bb29d545-d7b9-46c3-8785-2826be12bd93',NULL,'Биохимический экспресс-анализ мочи','service',1,2000,2000,'2026-05-31 12:00:00','2026-05-31 12:00:00',0,1);
INSERT INTO visit_items (id,visit_id,item_id,name,type,quantity,price,total,created_at,updated_at,is_deleted,version) VALUES ('21fa4440-a440-4df5-9513-4609d9bb2c2c','bb29d545-d7b9-46c3-8785-2826be12bd93',NULL,'Взвешивание','service',1,200,200,'2026-05-31 12:00:00','2026-05-31 12:00:00',0,1);
INSERT INTO visits (id,pet_id,staff_id,visit_type,animal_weight,date,next_visit_date,patient_condition,anamnesis,diagnosis,treatment,notes,total_amount,created_at,updated_at,is_deleted,version) VALUES ('ac32ff3f-95a2-47f6-89a8-7d817f859b5c','9134ac5d-00a8-4236-9cf3-903480fe88b7','bc31b973-eaef-4ab0-9f36-6c7ddbd7297b','вторичный',22.1,'2026-05-26T10:45:00',NULL,'средней тяжести','Зуд, трясёт головой, выделения из уха','Отит наружный','Отипакс, Суролан, промывание хлоргексидином','',2500,'2026-05-31 12:00:00','2026-05-31 12:00:00',0,1);
INSERT INTO visit_items (id,visit_id,item_id,name,type,quantity,price,total,created_at,updated_at,is_deleted,version) VALUES ('4238a7e3-2d17-4327-9775-20a222116f43','ac32ff3f-95a2-47f6-89a8-7d817f859b5c',NULL,'Вторичный приём / осмотр','service',1,1800,1800,'2026-05-31 12:00:00','2026-05-31 12:00:00',0,1);
INSERT INTO visit_items (id,visit_id,item_id,name,type,quantity,price,total,created_at,updated_at,is_deleted,version) VALUES ('1165e59b-4fd6-4b36-86e8-7545c2eaaa82','ac32ff3f-95a2-47f6-89a8-7d817f859b5c',NULL,'Чистка ушных раковин','service',1,500,500,'2026-05-31 12:00:00','2026-05-31 12:00:00',0,1);
INSERT INTO visit_items (id,visit_id,item_id,name,type,quantity,price,total,created_at,updated_at,is_deleted,version) VALUES ('aff63973-7794-44e0-8e8a-1bd1cfa3b64c','ac32ff3f-95a2-47f6-89a8-7d817f859b5c',NULL,'Взвешивание','service',1,200,200,'2026-05-31 12:00:00','2026-05-31 12:00:00',0,1);
INSERT INTO visits (id,pet_id,staff_id,visit_type,animal_weight,date,next_visit_date,patient_condition,anamnesis,diagnosis,treatment,notes,total_amount,created_at,updated_at,is_deleted,version) VALUES ('c2cd1ed5-5c9c-4e85-9b0d-1bc795204d2c','264ecb30-966a-4024-ae47-0344de2c4260','bc31b973-eaef-4ab0-9f36-6c7ddbd7297b','первичный',4.2,'2026-05-26T14:00:00','2026-06-03','лёгкое','Выделения из глаз, слезотечение','Конъюнктивит','Капли Ципровет, промывание физраствором','Содержится дома',2900,'2026-05-31 12:00:00','2026-05-31 12:00:00',0,1);
INSERT INTO visit_items (id,visit_id,item_id,name,type,quantity,price,total,created_at,updated_at,is_deleted,version) VALUES ('f8585d17-dd04-4497-8b37-0aa0031233f3','c2cd1ed5-5c9c-4e85-9b0d-1bc795204d2c',NULL,'Первичный приём','service',1,2500,2500,'2026-05-31 12:00:00','2026-05-31 12:00:00',0,1);
INSERT INTO visit_items (id,visit_id,item_id,name,type,quantity,price,total,created_at,updated_at,is_deleted,version) VALUES ('8f82fd2d-660e-4c69-9d62-f92f4306dfda','c2cd1ed5-5c9c-4e85-9b0d-1bc795204d2c',NULL,'Термометрия','service',1,200,200,'2026-05-31 12:00:00','2026-05-31 12:00:00',0,1);
INSERT INTO visit_items (id,visit_id,item_id,name,type,quantity,price,total,created_at,updated_at,is_deleted,version) VALUES ('8a5007d4-37af-496a-b149-3df40679e885','c2cd1ed5-5c9c-4e85-9b0d-1bc795204d2c',NULL,'Взвешивание','service',1,200,200,'2026-05-31 12:00:00','2026-05-31 12:00:00',0,1);
INSERT INTO visits (id,pet_id,staff_id,visit_type,animal_weight,date,next_visit_date,patient_condition,anamnesis,diagnosis,treatment,notes,total_amount,created_at,updated_at,is_deleted,version) VALUES ('ed591c10-3a23-457b-91d4-9da6e8bb0cb5','6b65f069-fb4b-49c3-82da-c8910147f393','540f953c-fbe7-4a39-80af-c269f7a2d1bf','первичный',30.0,'2026-05-26T11:15:00','2026-06-05','удовлетворительное','Кровавая диарея, рвота, высокая температура','Парвовирусный энтерит','Интенсивная инфузионная терапия, антибиотики','Плановый осмотр',8200,'2026-05-31 12:00:00','2026-05-31 12:00:00',0,1);
INSERT INTO visit_items (id,visit_id,item_id,name,type,quantity,price,total,created_at,updated_at,is_deleted,version) VALUES ('c6024446-fd35-4b32-9041-f45d6198233f','ed591c10-3a23-457b-91d4-9da6e8bb0cb5',NULL,'Первичный приём','service',1,2500,2500,'2026-05-31 12:00:00','2026-05-31 12:00:00',0,1);
INSERT INTO visit_items (id,visit_id,item_id,name,type,quantity,price,total,created_at,updated_at,is_deleted,version) VALUES ('cd1e1269-089d-4db6-94f2-ade1aa9f8634','ed591c10-3a23-457b-91d4-9da6e8bb0cb5',NULL,'Внутривенная диффузия (система)','service',1,1500,1500,'2026-05-31 12:00:00','2026-05-31 12:00:00',0,1);
INSERT INTO visit_items (id,visit_id,item_id,name,type,quantity,price,total,created_at,updated_at,is_deleted,version) VALUES ('5da1aab9-10cd-4536-9362-6b95664c9c96','ed591c10-3a23-457b-91d4-9da6e8bb0cb5',NULL,'Общий анализ крови','service',1,2500,2500,'2026-05-31 12:00:00','2026-05-31 12:00:00',0,1);
INSERT INTO visit_items (id,visit_id,item_id,name,type,quantity,price,total,created_at,updated_at,is_deleted,version) VALUES ('89ad4873-c8c9-48fc-affb-4d2cf913e236','ed591c10-3a23-457b-91d4-9da6e8bb0cb5',NULL,'Взятие крови','service',1,1500,1500,'2026-05-31 12:00:00','2026-05-31 12:00:00',0,1);
INSERT INTO visit_items (id,visit_id,item_id,name,type,quantity,price,total,created_at,updated_at,is_deleted,version) VALUES ('b1685d12-497f-4b77-af2e-3d0c3be60eee','ed591c10-3a23-457b-91d4-9da6e8bb0cb5',NULL,'Взвешивание','service',1,200,200,'2026-05-31 12:00:00','2026-05-31 12:00:00',0,1);
INSERT INTO visits (id,pet_id,staff_id,visit_type,animal_weight,date,next_visit_date,patient_condition,anamnesis,diagnosis,treatment,notes,total_amount,created_at,updated_at,is_deleted,version) VALUES ('2594730b-eb7f-47fa-b2e0-73a0f0729a51','00fa7e93-775c-4876-ab56-bf053ffbf916','540f953c-fbe7-4a39-80af-c269f7a2d1bf','вторичный',12.2,'2026-05-26T11:30:00',NULL,'здоров','Рвота, слюнотечение, угнетение','Отравление','Энтеросорбент, промывание желудка, капельница','Плановый осмотр',2200,'2026-05-31 12:00:00','2026-05-31 12:00:00',0,1);
INSERT INTO visit_items (id,visit_id,item_id,name,type,quantity,price,total,created_at,updated_at,is_deleted,version) VALUES ('fdc9404f-6085-4626-993a-b6749376bf5a','2594730b-eb7f-47fa-b2e0-73a0f0729a51',NULL,'Вторичный приём / осмотр','service',1,1800,1800,'2026-05-31 12:00:00','2026-05-31 12:00:00',0,1);
INSERT INTO visit_items (id,visit_id,item_id,name,type,quantity,price,total,created_at,updated_at,is_deleted,version) VALUES ('48c87590-9105-4a9e-a3ee-8efc7662445d','2594730b-eb7f-47fa-b2e0-73a0f0729a51',NULL,'Термометрия','service',1,200,200,'2026-05-31 12:00:00','2026-05-31 12:00:00',0,1);
INSERT INTO visit_items (id,visit_id,item_id,name,type,quantity,price,total,created_at,updated_at,is_deleted,version) VALUES ('58a1c127-cac3-4d77-be77-e67b9eb3ca97','2594730b-eb7f-47fa-b2e0-73a0f0729a51',NULL,'Взвешивание','service',1,200,200,'2026-05-31 12:00:00','2026-05-31 12:00:00',0,1);
INSERT INTO visits (id,pet_id,staff_id,visit_type,animal_weight,date,next_visit_date,patient_condition,anamnesis,diagnosis,treatment,notes,total_amount,created_at,updated_at,is_deleted,version) VALUES ('100abe94-1339-43f4-8957-2fd885526fcc','31672d40-6984-450e-92e5-5d34f1a88a4e','f63d1c37-db34-4640-b8a8-3166762c66c7','вторичный',12.6,'2026-05-26T09:15:00',NULL,'удовлетворительное','Зуд, краснота кожи, расчёсы','Аллергический дерматит','Цитопойнт, дексаметазон, антигистамин','Плановый осмотр',2200,'2026-05-31 12:00:00','2026-05-31 12:00:00',0,1);
INSERT INTO visit_items (id,visit_id,item_id,name,type,quantity,price,total,created_at,updated_at,is_deleted,version) VALUES ('660e6b02-67b1-483a-b0ce-8de998344502','100abe94-1339-43f4-8957-2fd885526fcc',NULL,'Вторичный приём / осмотр','service',1,1800,1800,'2026-05-31 12:00:00','2026-05-31 12:00:00',0,1);
INSERT INTO visit_items (id,visit_id,item_id,name,type,quantity,price,total,created_at,updated_at,is_deleted,version) VALUES ('e79227e6-d26e-4363-907a-52c440fa246b','100abe94-1339-43f4-8957-2fd885526fcc',NULL,'Термометрия','service',1,200,200,'2026-05-31 12:00:00','2026-05-31 12:00:00',0,1);
INSERT INTO visit_items (id,visit_id,item_id,name,type,quantity,price,total,created_at,updated_at,is_deleted,version) VALUES ('1d0e0b38-9303-4ccf-beed-2aaf69ae918b','100abe94-1339-43f4-8957-2fd885526fcc',NULL,'Взвешивание','service',1,200,200,'2026-05-31 12:00:00','2026-05-31 12:00:00',0,1);
INSERT INTO visits (id,pet_id,staff_id,visit_type,animal_weight,date,next_visit_date,patient_condition,anamnesis,diagnosis,treatment,notes,total_amount,created_at,updated_at,is_deleted,version) VALUES ('bb55c8f4-f5af-4d6a-a89f-0d9474e8fa74','21aa8aae-11ae-47dd-b374-8b6c171f0980','bc31b973-eaef-4ab0-9f36-6c7ddbd7297b','вторичный',32.3,'2026-05-26T17:30:00','2026-06-08','здоров','Зуд, трясёт головой, выделения из уха','Отит наружный','Отипакс, Суролан, промывание хлоргексидином','Животное беспокойное, фиксация затруднена',2500,'2026-05-31 12:00:00','2026-05-31 12:00:00',0,1);
INSERT INTO visit_items (id,visit_id,item_id,name,type,quantity,price,total,created_at,updated_at,is_deleted,version) VALUES ('30887b58-c960-41b3-bf59-e7d7e34ca9d2','bb55c8f4-f5af-4d6a-a89f-0d9474e8fa74',NULL,'Вторичный приём / осмотр','service',1,1800,1800,'2026-05-31 12:00:00','2026-05-31 12:00:00',0,1);
INSERT INTO visit_items (id,visit_id,item_id,name,type,quantity,price,total,created_at,updated_at,is_deleted,version) VALUES ('504b903b-8824-4a3e-860e-2dd6a19d8a10','bb55c8f4-f5af-4d6a-a89f-0d9474e8fa74',NULL,'Чистка ушных раковин','service',1,500,500,'2026-05-31 12:00:00','2026-05-31 12:00:00',0,1);
INSERT INTO visit_items (id,visit_id,item_id,name,type,quantity,price,total,created_at,updated_at,is_deleted,version) VALUES ('1d34abac-281b-43a5-816a-9a8f8248229c','bb55c8f4-f5af-4d6a-a89f-0d9474e8fa74',NULL,'Взвешивание','service',1,200,200,'2026-05-31 12:00:00','2026-05-31 12:00:00',0,1);
INSERT INTO visits (id,pet_id,staff_id,visit_type,animal_weight,date,next_visit_date,patient_condition,anamnesis,diagnosis,treatment,notes,total_amount,created_at,updated_at,is_deleted,version) VALUES ('ac4580cd-3d4c-4864-9a28-66ada5daddf0','20cfd41a-fba1-42bd-bfb6-dfd107e48cf7','f63d1c37-db34-4640-b8a8-3166762c66c7','первичный',4.5,'2026-05-27T18:15:00','2026-06-08','средней тяжести','Потеря веса, гиперактивность, учащённое сердцебиение','Гипертиреоз','Метимазол, диета','Динамика положительная',2900,'2026-05-31 12:00:00','2026-05-31 12:00:00',0,1);
INSERT INTO visit_items (id,visit_id,item_id,name,type,quantity,price,total,created_at,updated_at,is_deleted,version) VALUES ('18ca5de3-950a-429c-846a-56e454aec6c8','ac4580cd-3d4c-4864-9a28-66ada5daddf0',NULL,'Первичный приём','service',1,2500,2500,'2026-05-31 12:00:00','2026-05-31 12:00:00',0,1);
INSERT INTO visit_items (id,visit_id,item_id,name,type,quantity,price,total,created_at,updated_at,is_deleted,version) VALUES ('65065f1b-c0e0-4a17-93e3-2d137732f1c5','ac4580cd-3d4c-4864-9a28-66ada5daddf0',NULL,'Термометрия','service',1,200,200,'2026-05-31 12:00:00','2026-05-31 12:00:00',0,1);
INSERT INTO visit_items (id,visit_id,item_id,name,type,quantity,price,total,created_at,updated_at,is_deleted,version) VALUES ('5d726ecd-e378-47ad-960d-18119f8a7a32','ac4580cd-3d4c-4864-9a28-66ada5daddf0',NULL,'Взвешивание','service',1,200,200,'2026-05-31 12:00:00','2026-05-31 12:00:00',0,1);
INSERT INTO visits (id,pet_id,staff_id,visit_type,animal_weight,date,next_visit_date,patient_condition,anamnesis,diagnosis,treatment,notes,total_amount,created_at,updated_at,is_deleted,version) VALUES ('fb7780ac-d83b-4e93-9ce6-f538ac521379','55472fd3-4bee-46d9-9851-d1f612f043cd','540f953c-fbe7-4a39-80af-c269f7a2d1bf','вторичный',3.9,'2026-05-27T10:15:00',NULL,'лёгкое','Горячая болезненная шишка','Абсцесс после укуса','Дренирование, амоксиклав','Динамика положительная',2200,'2026-05-31 12:00:00','2026-05-31 12:00:00',0,1);
INSERT INTO visit_items (id,visit_id,item_id,name,type,quantity,price,total,created_at,updated_at,is_deleted,version) VALUES ('ee186e0a-612c-4ac8-9523-0449da5488a4','fb7780ac-d83b-4e93-9ce6-f538ac521379',NULL,'Вторичный приём / осмотр','service',1,1800,1800,'2026-05-31 12:00:00','2026-05-31 12:00:00',0,1);
INSERT INTO visit_items (id,visit_id,item_id,name,type,quantity,price,total,created_at,updated_at,is_deleted,version) VALUES ('e07336ee-80a5-4c3b-8a04-15b5836d43b3','fb7780ac-d83b-4e93-9ce6-f538ac521379',NULL,'Термометрия','service',1,200,200,'2026-05-31 12:00:00','2026-05-31 12:00:00',0,1);
INSERT INTO visit_items (id,visit_id,item_id,name,type,quantity,price,total,created_at,updated_at,is_deleted,version) VALUES ('e74f2ae9-57e1-4828-bf07-fd0e6ac51bb2','fb7780ac-d83b-4e93-9ce6-f538ac521379',NULL,'Взвешивание','service',1,200,200,'2026-05-31 12:00:00','2026-05-31 12:00:00',0,1);
INSERT INTO visits (id,pet_id,staff_id,visit_type,animal_weight,date,next_visit_date,patient_condition,anamnesis,diagnosis,treatment,notes,total_amount,created_at,updated_at,is_deleted,version) VALUES ('a5848549-8316-4030-b158-ac303954cf98','7977cd93-2b72-4fb8-b6ca-48a09d8fa8b5','f63d1c37-db34-4640-b8a8-3166762c66c7','первичный',7.6,'2026-05-27T11:45:00','2026-06-08','здоров','Зуд, расчёсы, алопеция','Блошиный дерматит','Стронгхолд, дексаметазон при выраженном зуде','Кормление влажным кормом',2900,'2026-05-31 12:00:00','2026-05-31 12:00:00',0,1);
INSERT INTO visit_items (id,visit_id,item_id,name,type,quantity,price,total,created_at,updated_at,is_deleted,version) VALUES ('c867e4e7-ffd7-41de-903c-7fb4258de325','a5848549-8316-4030-b158-ac303954cf98',NULL,'Первичный приём','service',1,2500,2500,'2026-05-31 12:00:00','2026-05-31 12:00:00',0,1);
INSERT INTO visit_items (id,visit_id,item_id,name,type,quantity,price,total,created_at,updated_at,is_deleted,version) VALUES ('9f5e7d5d-48f2-42c3-abdb-ab9759827f1e','a5848549-8316-4030-b158-ac303954cf98',NULL,'Термометрия','service',1,200,200,'2026-05-31 12:00:00','2026-05-31 12:00:00',0,1);
INSERT INTO visit_items (id,visit_id,item_id,name,type,quantity,price,total,created_at,updated_at,is_deleted,version) VALUES ('548c3ad9-a531-4e29-9a7d-cca50f827d00','a5848549-8316-4030-b158-ac303954cf98',NULL,'Взвешивание','service',1,200,200,'2026-05-31 12:00:00','2026-05-31 12:00:00',0,1);
INSERT INTO visits (id,pet_id,staff_id,visit_type,animal_weight,date,next_visit_date,patient_condition,anamnesis,diagnosis,treatment,notes,total_amount,created_at,updated_at,is_deleted,version) VALUES ('2b6bad5f-0748-4ba8-afa9-56a5d9f5ad9a','6b65f069-fb4b-49c3-82da-c8910147f393','bc31b973-eaef-4ab0-9f36-6c7ddbd7297b','первичный',29.5,'2026-05-27T10:45:00',NULL,'тяжелое','Хромота, болезненность при пальпации','Травма конечности','Рентген, обезболивание, фиксация','Без особенностей',8400,'2026-05-31 12:00:00','2026-05-31 12:00:00',0,1);
INSERT INTO visit_items (id,visit_id,item_id,name,type,quantity,price,total,created_at,updated_at,is_deleted,version) VALUES ('885419da-b136-4666-902a-f7ccb576c488','2b6bad5f-0748-4ba8-afa9-56a5d9f5ad9a',NULL,'Первичный приём','service',1,2500,2500,'2026-05-31 12:00:00','2026-05-31 12:00:00',0,1);
INSERT INTO visit_items (id,visit_id,item_id,name,type,quantity,price,total,created_at,updated_at,is_deleted,version) VALUES ('362d15b5-2942-4697-b473-296b9442ea07','2b6bad5f-0748-4ba8-afa9-56a5d9f5ad9a',NULL,'Рентген, 1 проекция','service',1,5000,5000,'2026-05-31 12:00:00','2026-05-31 12:00:00',0,1);
INSERT INTO visit_items (id,visit_id,item_id,name,type,quantity,price,total,created_at,updated_at,is_deleted,version) VALUES ('433ede9d-d4bc-4146-a842-a1e1775c6cea','2b6bad5f-0748-4ba8-afa9-56a5d9f5ad9a',NULL,'Инъекция внутримышечно','service',1,500,500,'2026-05-31 12:00:00','2026-05-31 12:00:00',0,1);
INSERT INTO visit_items (id,visit_id,item_id,name,type,quantity,price,total,created_at,updated_at,is_deleted,version) VALUES ('001ea5dc-2534-460a-b3a2-0e1736758bc5','2b6bad5f-0748-4ba8-afa9-56a5d9f5ad9a',NULL,'Термометрия','service',1,200,200,'2026-05-31 12:00:00','2026-05-31 12:00:00',0,1);
INSERT INTO visit_items (id,visit_id,item_id,name,type,quantity,price,total,created_at,updated_at,is_deleted,version) VALUES ('78773abc-57ea-40c2-bf7b-b41064dcb65e','2b6bad5f-0748-4ba8-afa9-56a5d9f5ad9a',NULL,'Взвешивание','service',1,200,200,'2026-05-31 12:00:00','2026-05-31 12:00:00',0,1);
INSERT INTO visits (id,pet_id,staff_id,visit_type,animal_weight,date,next_visit_date,patient_condition,anamnesis,diagnosis,treatment,notes,total_amount,created_at,updated_at,is_deleted,version) VALUES ('54d67421-29af-4a2e-9706-0112d3515d5b','6e3b5c10-5208-48d5-950b-84ff259115cf','f63d1c37-db34-4640-b8a8-3166762c66c7','первичный',27.7,'2026-05-27T17:30:00',NULL,'средней тяжести','Высокая температура, тёмная моча, слабость','Пироплазмоз','Беренил, капельница, поддерживающая терапия','',8200,'2026-05-31 12:00:00','2026-05-31 12:00:00',0,1);
INSERT INTO visit_items (id,visit_id,item_id,name,type,quantity,price,total,created_at,updated_at,is_deleted,version) VALUES ('34dac92f-577a-4cfd-bc9f-71517b4c217c','54d67421-29af-4a2e-9706-0112d3515d5b',NULL,'Первичный приём','service',1,2500,2500,'2026-05-31 12:00:00','2026-05-31 12:00:00',0,1);
INSERT INTO visit_items (id,visit_id,item_id,name,type,quantity,price,total,created_at,updated_at,is_deleted,version) VALUES ('073cc280-5287-4ed7-acdb-08514c3eeaae','54d67421-29af-4a2e-9706-0112d3515d5b',NULL,'Общий анализ крови','service',1,2500,2500,'2026-05-31 12:00:00','2026-05-31 12:00:00',0,1);
INSERT INTO visit_items (id,visit_id,item_id,name,type,quantity,price,total,created_at,updated_at,is_deleted,version) VALUES ('6e985015-4bd4-4bc9-b557-d6259375d497','54d67421-29af-4a2e-9706-0112d3515d5b',NULL,'Взятие крови','service',1,1500,1500,'2026-05-31 12:00:00','2026-05-31 12:00:00',0,1);
INSERT INTO visit_items (id,visit_id,item_id,name,type,quantity,price,total,created_at,updated_at,is_deleted,version) VALUES ('6140528d-0363-4d70-b86b-c716ebd8f370','54d67421-29af-4a2e-9706-0112d3515d5b',NULL,'Внутривенная диффузия (система)','service',1,1500,1500,'2026-05-31 12:00:00','2026-05-31 12:00:00',0,1);
INSERT INTO visit_items (id,visit_id,item_id,name,type,quantity,price,total,created_at,updated_at,is_deleted,version) VALUES ('cc36b60f-4264-4b90-81ec-5d8e272b390b','54d67421-29af-4a2e-9706-0112d3515d5b',NULL,'Взвешивание','service',1,200,200,'2026-05-31 12:00:00','2026-05-31 12:00:00',0,1);
INSERT INTO visits (id,pet_id,staff_id,visit_type,animal_weight,date,next_visit_date,patient_condition,anamnesis,diagnosis,treatment,notes,total_amount,created_at,updated_at,is_deleted,version) VALUES ('1f0fc1d2-c772-40aa-839c-7b90c85afcde','29b43a63-03ff-436c-a565-60b123477587','bc31b973-eaef-4ab0-9f36-6c7ddbd7297b','первичный',3.6,'2026-05-28T13:00:00',NULL,'средней тяжести','Периодическая рвота, отказ от корма','Гастрит','Маалокс, омепразол, диета','Кормление влажным кормом',2900,'2026-05-31 12:00:00','2026-05-31 12:00:00',0,1);
INSERT INTO visit_items (id,visit_id,item_id,name,type,quantity,price,total,created_at,updated_at,is_deleted,version) VALUES ('1b2baa9b-9517-45b9-8ece-7e922ee10402','1f0fc1d2-c772-40aa-839c-7b90c85afcde',NULL,'Первичный приём','service',1,2500,2500,'2026-05-31 12:00:00','2026-05-31 12:00:00',0,1);
INSERT INTO visit_items (id,visit_id,item_id,name,type,quantity,price,total,created_at,updated_at,is_deleted,version) VALUES ('3aab86f3-73a5-405b-8952-45218c10c443','1f0fc1d2-c772-40aa-839c-7b90c85afcde',NULL,'Термометрия','service',1,200,200,'2026-05-31 12:00:00','2026-05-31 12:00:00',0,1);
INSERT INTO visit_items (id,visit_id,item_id,name,type,quantity,price,total,created_at,updated_at,is_deleted,version) VALUES ('b24ce3a4-3f3e-4bd4-981c-57b8748d3e99','1f0fc1d2-c772-40aa-839c-7b90c85afcde',NULL,'Взвешивание','service',1,200,200,'2026-05-31 12:00:00','2026-05-31 12:00:00',0,1);
INSERT INTO visits (id,pet_id,staff_id,visit_type,animal_weight,date,next_visit_date,patient_condition,anamnesis,diagnosis,treatment,notes,total_amount,created_at,updated_at,is_deleted,version) VALUES ('d814cb92-9be4-46a4-b6c2-056db7b2f0d2','29b43a63-03ff-436c-a565-60b123477587','540f953c-fbe7-4a39-80af-c269f7a2d1bf','первичный',3.4,'2026-05-28T17:15:00',NULL,'тяжелое','Периодическая рвота, отказ от корма','Гастрит','Маалокс, омепразол, диета','Плановый осмотр',2900,'2026-05-31 12:00:00','2026-05-31 12:00:00',0,1);
INSERT INTO visit_items (id,visit_id,item_id,name,type,quantity,price,total,created_at,updated_at,is_deleted,version) VALUES ('9c9be4d3-73b9-4f41-afb3-f43faa9cb061','d814cb92-9be4-46a4-b6c2-056db7b2f0d2',NULL,'Первичный приём','service',1,2500,2500,'2026-05-31 12:00:00','2026-05-31 12:00:00',0,1);
INSERT INTO visit_items (id,visit_id,item_id,name,type,quantity,price,total,created_at,updated_at,is_deleted,version) VALUES ('e66a4754-d1f8-488a-8d33-70c96ff48bdc','d814cb92-9be4-46a4-b6c2-056db7b2f0d2',NULL,'Термометрия','service',1,200,200,'2026-05-31 12:00:00','2026-05-31 12:00:00',0,1);
INSERT INTO visit_items (id,visit_id,item_id,name,type,quantity,price,total,created_at,updated_at,is_deleted,version) VALUES ('71cbc79c-0724-4b42-bf63-01939f1be5b1','d814cb92-9be4-46a4-b6c2-056db7b2f0d2',NULL,'Взвешивание','service',1,200,200,'2026-05-31 12:00:00','2026-05-31 12:00:00',0,1);
INSERT INTO visits (id,pet_id,staff_id,visit_type,animal_weight,date,next_visit_date,patient_condition,anamnesis,diagnosis,treatment,notes,total_amount,created_at,updated_at,is_deleted,version) VALUES ('24621aff-fd79-4a45-831d-87de0fa83b48','a082cb29-b40a-4cfa-8f74-b30a062cad8e','540f953c-fbe7-4a39-80af-c269f7a2d1bf','вторичный',7.5,'2026-05-28T11:00:00',NULL,'средней тяжести','Кровь в моче, болезненное мочеиспускание','Мочекаменная болезнь','УЗИ мочевого пузыря, диета, спазмолитики','',2200,'2026-05-31 12:00:00','2026-05-31 12:00:00',0,1);
INSERT INTO visit_items (id,visit_id,item_id,name,type,quantity,price,total,created_at,updated_at,is_deleted,version) VALUES ('dff82499-ff94-4b12-8f1f-f4d30f248bb0','24621aff-fd79-4a45-831d-87de0fa83b48',NULL,'Вторичный приём / осмотр','service',1,1800,1800,'2026-05-31 12:00:00','2026-05-31 12:00:00',0,1);
INSERT INTO visit_items (id,visit_id,item_id,name,type,quantity,price,total,created_at,updated_at,is_deleted,version) VALUES ('fed058b9-1ac8-45ab-83b1-60358f004b31','24621aff-fd79-4a45-831d-87de0fa83b48',NULL,'Термометрия','service',1,200,200,'2026-05-31 12:00:00','2026-05-31 12:00:00',0,1);
INSERT INTO visit_items (id,visit_id,item_id,name,type,quantity,price,total,created_at,updated_at,is_deleted,version) VALUES ('c7a709d6-b99d-445d-9e2b-52c68445938b','24621aff-fd79-4a45-831d-87de0fa83b48',NULL,'Взвешивание','service',1,200,200,'2026-05-31 12:00:00','2026-05-31 12:00:00',0,1);
INSERT INTO visits (id,pet_id,staff_id,visit_type,animal_weight,date,next_visit_date,patient_condition,anamnesis,diagnosis,treatment,notes,total_amount,created_at,updated_at,is_deleted,version) VALUES ('02f7821e-9c73-484f-966a-543ccfcc4a96','5380ca58-3a64-42f0-9f0f-6ac09a061784','f63d1c37-db34-4640-b8a8-3166762c66c7','вторичный',3.6,'2026-05-29T10:30:00',NULL,'удовлетворительное','Болезненная припухлость под кожей','Абсцесс','Вскрытие, промывание, амоксициллин','Содержится дома',2700,'2026-05-31 12:00:00','2026-05-31 12:00:00',0,1);
INSERT INTO visit_items (id,visit_id,item_id,name,type,quantity,price,total,created_at,updated_at,is_deleted,version) VALUES ('ae1012a3-704a-493d-92be-9355dfa74013','02f7821e-9c73-484f-966a-543ccfcc4a96',NULL,'Вторичный приём / осмотр','service',1,1800,1800,'2026-05-31 12:00:00','2026-05-31 12:00:00',0,1);
INSERT INTO visit_items (id,visit_id,item_id,name,type,quantity,price,total,created_at,updated_at,is_deleted,version) VALUES ('9352ccca-d47f-4fe8-bdd5-a58656866b39','02f7821e-9c73-484f-966a-543ccfcc4a96',NULL,'Инъекция внутримышечно','service',1,500,500,'2026-05-31 12:00:00','2026-05-31 12:00:00',0,1);
INSERT INTO visit_items (id,visit_id,item_id,name,type,quantity,price,total,created_at,updated_at,is_deleted,version) VALUES ('512dd4cd-209a-45b9-836b-ebac5f26e299','02f7821e-9c73-484f-966a-543ccfcc4a96',NULL,'Термометрия','service',1,200,200,'2026-05-31 12:00:00','2026-05-31 12:00:00',0,1);
INSERT INTO visit_items (id,visit_id,item_id,name,type,quantity,price,total,created_at,updated_at,is_deleted,version) VALUES ('133bd36d-7e16-4388-8f87-1e6bf02eb4ce','02f7821e-9c73-484f-966a-543ccfcc4a96',NULL,'Взвешивание','service',1,200,200,'2026-05-31 12:00:00','2026-05-31 12:00:00',0,1);
INSERT INTO visits (id,pet_id,staff_id,visit_type,animal_weight,date,next_visit_date,patient_condition,anamnesis,diagnosis,treatment,notes,total_amount,created_at,updated_at,is_deleted,version) VALUES ('5323f78f-bfdb-4e4c-bde0-e2b182646d4d','abaf5595-4292-41ed-b9c4-457329e0e6cf','540f953c-fbe7-4a39-80af-c269f7a2d1bf','первичный',3.5,'2026-05-29T13:30:00',NULL,'здоров','Болезненная припухлость под кожей','Абсцесс','Вскрытие, промывание, амоксициллин','Динамика положительная',2900,'2026-05-31 12:00:00','2026-05-31 12:00:00',0,1);
INSERT INTO visit_items (id,visit_id,item_id,name,type,quantity,price,total,created_at,updated_at,is_deleted,version) VALUES ('5965dd0b-1d93-4407-825c-ee227bd0322f','5323f78f-bfdb-4e4c-bde0-e2b182646d4d',NULL,'Первичный приём','service',1,2500,2500,'2026-05-31 12:00:00','2026-05-31 12:00:00',0,1);
INSERT INTO visit_items (id,visit_id,item_id,name,type,quantity,price,total,created_at,updated_at,is_deleted,version) VALUES ('e6baeaa3-3d2e-41df-ba0d-fee8995cf3de','5323f78f-bfdb-4e4c-bde0-e2b182646d4d',NULL,'Термометрия','service',1,200,200,'2026-05-31 12:00:00','2026-05-31 12:00:00',0,1);
INSERT INTO visit_items (id,visit_id,item_id,name,type,quantity,price,total,created_at,updated_at,is_deleted,version) VALUES ('b55daeda-b44b-4649-b085-2063e871e87e','5323f78f-bfdb-4e4c-bde0-e2b182646d4d',NULL,'Взвешивание','service',1,200,200,'2026-05-31 12:00:00','2026-05-31 12:00:00',0,1);
INSERT INTO visits (id,pet_id,staff_id,visit_type,animal_weight,date,next_visit_date,patient_condition,anamnesis,diagnosis,treatment,notes,total_amount,created_at,updated_at,is_deleted,version) VALUES ('bc77b640-7679-4795-bd85-c7bb17828da0','5380ca58-3a64-42f0-9f0f-6ac09a061784','540f953c-fbe7-4a39-80af-c269f7a2d1bf','вторичный',3.9,'2026-05-29T15:00:00','2026-06-14','тяжелое','Выделения из глаз, слезотечение','Конъюнктивит','Капли Ципровет, промывание физраствором','Динамика положительная',2200,'2026-05-31 12:00:00','2026-05-31 12:00:00',0,1);
INSERT INTO visit_items (id,visit_id,item_id,name,type,quantity,price,total,created_at,updated_at,is_deleted,version) VALUES ('ac876fbc-b126-4205-99ca-938561210ede','bc77b640-7679-4795-bd85-c7bb17828da0',NULL,'Вторичный приём / осмотр','service',1,1800,1800,'2026-05-31 12:00:00','2026-05-31 12:00:00',0,1);
INSERT INTO visit_items (id,visit_id,item_id,name,type,quantity,price,total,created_at,updated_at,is_deleted,version) VALUES ('c722f85e-7c64-4cac-80fc-6534448c4ab0','bc77b640-7679-4795-bd85-c7bb17828da0',NULL,'Термометрия','service',1,200,200,'2026-05-31 12:00:00','2026-05-31 12:00:00',0,1);
INSERT INTO visit_items (id,visit_id,item_id,name,type,quantity,price,total,created_at,updated_at,is_deleted,version) VALUES ('09f7ce8a-2933-428e-bed0-5a110d70ffce','bc77b640-7679-4795-bd85-c7bb17828da0',NULL,'Взвешивание','service',1,200,200,'2026-05-31 12:00:00','2026-05-31 12:00:00',0,1);
INSERT INTO visits (id,pet_id,staff_id,visit_type,animal_weight,date,next_visit_date,patient_condition,anamnesis,diagnosis,treatment,notes,total_amount,created_at,updated_at,is_deleted,version) VALUES ('65d29b5b-2d2f-446f-bae2-be13053b3273','29b43a63-03ff-436c-a565-60b123477587','f63d1c37-db34-4640-b8a8-3166762c66c7','вторичный',3.6,'2026-05-29T11:45:00',NULL,'средней тяжести','Зуд, расчёсы, алопеция','Блошиный дерматит','Стронгхолд, дексаметазон при выраженном зуде','Динамика положительная',2200,'2026-05-31 12:00:00','2026-05-31 12:00:00',0,1);
INSERT INTO visit_items (id,visit_id,item_id,name,type,quantity,price,total,created_at,updated_at,is_deleted,version) VALUES ('9f53ad1e-2719-4b51-a943-0fd35d94e3d3','65d29b5b-2d2f-446f-bae2-be13053b3273',NULL,'Вторичный приём / осмотр','service',1,1800,1800,'2026-05-31 12:00:00','2026-05-31 12:00:00',0,1);
INSERT INTO visit_items (id,visit_id,item_id,name,type,quantity,price,total,created_at,updated_at,is_deleted,version) VALUES ('3a602ecf-02a7-4c92-aaf9-6a9c03f042a1','65d29b5b-2d2f-446f-bae2-be13053b3273',NULL,'Термометрия','service',1,200,200,'2026-05-31 12:00:00','2026-05-31 12:00:00',0,1);
INSERT INTO visit_items (id,visit_id,item_id,name,type,quantity,price,total,created_at,updated_at,is_deleted,version) VALUES ('eba9274e-99c8-42c6-b88b-d719d942018f','65d29b5b-2d2f-446f-bae2-be13053b3273',NULL,'Взвешивание','service',1,200,200,'2026-05-31 12:00:00','2026-05-31 12:00:00',0,1);
INSERT INTO visits (id,pet_id,staff_id,visit_type,animal_weight,date,next_visit_date,patient_condition,anamnesis,diagnosis,treatment,notes,total_amount,created_at,updated_at,is_deleted,version) VALUES ('67d101e3-37ab-48a5-b59d-b980185d3ab7','68024baa-0cae-4943-903a-4702d979a5cd','bc31b973-eaef-4ab0-9f36-6c7ddbd7297b','первичный',6.9,'2026-05-29T14:15:00',NULL,'лёгкое','Зуд, краснота кожи, расчёсы','Аллергический дерматит','Цитопойнт, дексаметазон, антигистамин','',3000,'2026-05-31 12:00:00','2026-05-31 12:00:00',0,1);
INSERT INTO visit_items (id,visit_id,item_id,name,type,quantity,price,total,created_at,updated_at,is_deleted,version) VALUES ('8db7d573-d793-4515-acd0-d2fbc9a68f84','67d101e3-37ab-48a5-b59d-b980185d3ab7',NULL,'Первичный приём','service',1,2500,2500,'2026-05-31 12:00:00','2026-05-31 12:00:00',0,1);
INSERT INTO visit_items (id,visit_id,item_id,name,type,quantity,price,total,created_at,updated_at,is_deleted,version) VALUES ('188cf086-da0c-4432-89fe-9dd923193899','67d101e3-37ab-48a5-b59d-b980185d3ab7',NULL,'Инъекция подкожно','service',1,300,300,'2026-05-31 12:00:00','2026-05-31 12:00:00',0,1);
INSERT INTO visit_items (id,visit_id,item_id,name,type,quantity,price,total,created_at,updated_at,is_deleted,version) VALUES ('4e605c58-8cd1-44ac-b055-2af97620d373','67d101e3-37ab-48a5-b59d-b980185d3ab7',NULL,'Термометрия','service',1,200,200,'2026-05-31 12:00:00','2026-05-31 12:00:00',0,1);
INSERT INTO visits (id,pet_id,staff_id,visit_type,animal_weight,date,next_visit_date,patient_condition,anamnesis,diagnosis,treatment,notes,total_amount,created_at,updated_at,is_deleted,version) VALUES ('352370e9-4227-4c7f-84df-fd9b6cead94a','e280553d-7b53-4c49-a41d-11acc3ce675e','540f953c-fbe7-4a39-80af-c269f7a2d1bf','первичный',4.4,'2026-05-30T10:15:00','2026-06-07','лёгкое','Язвы на языке, чихание, выделения','Кальцивироз','Фелиферон, антибиотики, обезболивание','Кормление влажным кормом',2900,'2026-05-31 12:00:00','2026-05-31 12:00:00',0,1);
INSERT INTO visit_items (id,visit_id,item_id,name,type,quantity,price,total,created_at,updated_at,is_deleted,version) VALUES ('33174100-c6ba-4303-95f2-64f684c5fa2f','352370e9-4227-4c7f-84df-fd9b6cead94a',NULL,'Первичный приём','service',1,2500,2500,'2026-05-31 12:00:00','2026-05-31 12:00:00',0,1);
INSERT INTO visit_items (id,visit_id,item_id,name,type,quantity,price,total,created_at,updated_at,is_deleted,version) VALUES ('b7fbbf72-9070-4f92-b393-bc00599fe8da','352370e9-4227-4c7f-84df-fd9b6cead94a',NULL,'Термометрия','service',1,200,200,'2026-05-31 12:00:00','2026-05-31 12:00:00',0,1);
INSERT INTO visit_items (id,visit_id,item_id,name,type,quantity,price,total,created_at,updated_at,is_deleted,version) VALUES ('a1372d47-0562-44a7-9fb2-1a9ef3709db5','352370e9-4227-4c7f-84df-fd9b6cead94a',NULL,'Взвешивание','service',1,200,200,'2026-05-31 12:00:00','2026-05-31 12:00:00',0,1);
INSERT INTO visits (id,pet_id,staff_id,visit_type,animal_weight,date,next_visit_date,patient_condition,anamnesis,diagnosis,treatment,notes,total_amount,created_at,updated_at,is_deleted,version) VALUES ('e7f466f8-b4ea-4fa2-bbf9-6b29b6d4d817','512059f2-3ce2-459b-b390-742593e20b5c','bc31b973-eaef-4ab0-9f36-6c7ddbd7297b','вторичный',5.4,'2026-05-30T18:30:00',NULL,'средней тяжести','Рвота, жидкий стул, вялость','Гастроэнтерит','Регидратация, метронидазол, пробиотики Ветом','Без особенностей',4200,'2026-05-31 12:00:00','2026-05-31 12:00:00',0,1);
INSERT INTO visit_items (id,visit_id,item_id,name,type,quantity,price,total,created_at,updated_at,is_deleted,version) VALUES ('fc5b1716-3576-4a9e-bf8c-92014d491eaa','e7f466f8-b4ea-4fa2-bbf9-6b29b6d4d817',NULL,'Вторичный приём / осмотр','service',1,1800,1800,'2026-05-31 12:00:00','2026-05-31 12:00:00',0,1);
INSERT INTO visit_items (id,visit_id,item_id,name,type,quantity,price,total,created_at,updated_at,is_deleted,version) VALUES ('dc3b91f8-b303-4fec-861a-e866b5a697d2','e7f466f8-b4ea-4fa2-bbf9-6b29b6d4d817',NULL,'Биохимический экспресс-анализ мочи','service',1,2000,2000,'2026-05-31 12:00:00','2026-05-31 12:00:00',0,1);
INSERT INTO visit_items (id,visit_id,item_id,name,type,quantity,price,total,created_at,updated_at,is_deleted,version) VALUES ('ba7262fe-c900-4da0-862c-7388cf91108d','e7f466f8-b4ea-4fa2-bbf9-6b29b6d4d817',NULL,'Термометрия','service',1,200,200,'2026-05-31 12:00:00','2026-05-31 12:00:00',0,1);
INSERT INTO visit_items (id,visit_id,item_id,name,type,quantity,price,total,created_at,updated_at,is_deleted,version) VALUES ('232f425a-c580-4587-a7ab-d2eef9ec1ef6','e7f466f8-b4ea-4fa2-bbf9-6b29b6d4d817',NULL,'Взвешивание','service',1,200,200,'2026-05-31 12:00:00','2026-05-31 12:00:00',0,1);
INSERT INTO visits (id,pet_id,staff_id,visit_type,animal_weight,date,next_visit_date,patient_condition,anamnesis,diagnosis,treatment,notes,total_amount,created_at,updated_at,is_deleted,version) VALUES ('89e93602-0b07-4560-9643-0e029f315a61','6c822ca9-8cce-45c5-a41a-feba5e7bfef6','f63d1c37-db34-4640-b8a8-3166762c66c7','первичный',4.7,'2026-05-30T16:45:00','2026-06-19','средней тяжести','Вес выше нормы, одышка','Ожирение','Диета Royal Canin Obesity, контроль веса','Животное беспокойное, фиксация затруднена',2900,'2026-05-31 12:00:00','2026-05-31 12:00:00',0,1);
INSERT INTO visit_items (id,visit_id,item_id,name,type,quantity,price,total,created_at,updated_at,is_deleted,version) VALUES ('de771238-07d5-4898-9c1e-53505ac14018','89e93602-0b07-4560-9643-0e029f315a61',NULL,'Первичный приём','service',1,2500,2500,'2026-05-31 12:00:00','2026-05-31 12:00:00',0,1);
INSERT INTO visit_items (id,visit_id,item_id,name,type,quantity,price,total,created_at,updated_at,is_deleted,version) VALUES ('71cbedfb-7cc0-4b4c-884f-a6dbe9a62324','89e93602-0b07-4560-9643-0e029f315a61',NULL,'Термометрия','service',1,200,200,'2026-05-31 12:00:00','2026-05-31 12:00:00',0,1);
INSERT INTO visit_items (id,visit_id,item_id,name,type,quantity,price,total,created_at,updated_at,is_deleted,version) VALUES ('eb7bb6b2-4fb1-48da-bedf-227358a71d96','89e93602-0b07-4560-9643-0e029f315a61',NULL,'Взвешивание','service',1,200,200,'2026-05-31 12:00:00','2026-05-31 12:00:00',0,1);
INSERT INTO visits (id,pet_id,staff_id,visit_type,animal_weight,date,next_visit_date,patient_condition,anamnesis,diagnosis,treatment,notes,total_amount,created_at,updated_at,is_deleted,version) VALUES ('a2f85ee0-e4ed-4c54-8097-ea1953b5d024','21aa8aae-11ae-47dd-b374-8b6c171f0980','f63d1c37-db34-4640-b8a8-3166762c66c7','первичный',31.6,'2026-05-30T18:15:00',NULL,'тяжелое','Хромота на задние конечности, боль при движении','Дисплазия ТБС','НПВС, хондропротекторы, ограничение нагрузок','Животное беспокойное, фиксация затруднена',2500,'2026-05-31 12:00:00','2026-05-31 12:00:00',0,1);
INSERT INTO visit_items (id,visit_id,item_id,name,type,quantity,price,total,created_at,updated_at,is_deleted,version) VALUES ('9e8b8933-e18c-4d41-8244-946ce353c9f8','a2f85ee0-e4ed-4c54-8097-ea1953b5d024',NULL,'Первичный приём','service',1,2500,2500,'2026-05-31 12:00:00','2026-05-31 12:00:00',0,1);
INSERT INTO visits (id,pet_id,staff_id,visit_type,animal_weight,date,next_visit_date,patient_condition,anamnesis,diagnosis,treatment,notes,total_amount,created_at,updated_at,is_deleted,version) VALUES ('0d918cf5-688e-4cd6-ab25-83a40be08dd9','20cfd41a-fba1-42bd-bfb6-dfd107e48cf7','bc31b973-eaef-4ab0-9f36-6c7ddbd7297b','первичный',4.4,'2026-05-30T11:00:00','2026-06-11','тяжелое','Болезненная припухлость под кожей','Абсцесс','Вскрытие, промывание, амоксициллин','Плановый осмотр',2900,'2026-05-31 12:00:00','2026-05-31 12:00:00',0,1);
INSERT INTO visit_items (id,visit_id,item_id,name,type,quantity,price,total,created_at,updated_at,is_deleted,version) VALUES ('dafb6f63-b74d-48bc-baf2-333913d59d33','0d918cf5-688e-4cd6-ab25-83a40be08dd9',NULL,'Первичный приём','service',1,2500,2500,'2026-05-31 12:00:00','2026-05-31 12:00:00',0,1);
INSERT INTO visit_items (id,visit_id,item_id,name,type,quantity,price,total,created_at,updated_at,is_deleted,version) VALUES ('7e330527-034f-4176-8ca3-8f0be4d815c9','0d918cf5-688e-4cd6-ab25-83a40be08dd9',NULL,'Термометрия','service',1,200,200,'2026-05-31 12:00:00','2026-05-31 12:00:00',0,1);
INSERT INTO visit_items (id,visit_id,item_id,name,type,quantity,price,total,created_at,updated_at,is_deleted,version) VALUES ('506a6530-e1d3-4460-91ae-22e1557ee820','0d918cf5-688e-4cd6-ab25-83a40be08dd9',NULL,'Взвешивание','service',1,200,200,'2026-05-31 12:00:00','2026-05-31 12:00:00',0,1);
INSERT INTO visits (id,pet_id,staff_id,visit_type,animal_weight,date,next_visit_date,patient_condition,anamnesis,diagnosis,treatment,notes,total_amount,created_at,updated_at,is_deleted,version) VALUES ('7b07af0e-e87a-4cd8-8e3d-ce647c531184','a082cb29-b40a-4cfa-8f74-b30a062cad8e','bc31b973-eaef-4ab0-9f36-6c7ddbd7297b','первичный',7.3,'2026-05-30T14:00:00',NULL,'удовлетворительное','Рвота, слюнотечение, угнетение','Отравление','Энтеросорбент, промывание желудка, капельница','',2900,'2026-05-31 12:00:00','2026-05-31 12:00:00',0,1);
INSERT INTO visit_items (id,visit_id,item_id,name,type,quantity,price,total,created_at,updated_at,is_deleted,version) VALUES ('e11cd85c-e347-4451-96ac-6fe78221d71f','7b07af0e-e87a-4cd8-8e3d-ce647c531184',NULL,'Первичный приём','service',1,2500,2500,'2026-05-31 12:00:00','2026-05-31 12:00:00',0,1);
INSERT INTO visit_items (id,visit_id,item_id,name,type,quantity,price,total,created_at,updated_at,is_deleted,version) VALUES ('70b4465c-d7b9-4e42-9e82-c41df12dfe59','7b07af0e-e87a-4cd8-8e3d-ce647c531184',NULL,'Термометрия','service',1,200,200,'2026-05-31 12:00:00','2026-05-31 12:00:00',0,1);
INSERT INTO visit_items (id,visit_id,item_id,name,type,quantity,price,total,created_at,updated_at,is_deleted,version) VALUES ('08c3d3e1-d23d-494a-9038-6fec6e6aec72','7b07af0e-e87a-4cd8-8e3d-ce647c531184',NULL,'Взвешивание','service',1,200,200,'2026-05-31 12:00:00','2026-05-31 12:00:00',0,1);

INSERT INTO visits (id,pet_id,staff_id,visit_type,animal_weight,date,next_visit_date,patient_condition,anamnesis,diagnosis,treatment,notes,total_amount,created_at,updated_at,is_deleted,version) SELECT '9b56910b-de7a-422b-8a91-41627ba125bd',id,staff_id,'первичный',weight,'2026-05-29T10:00:00',NULL,'лёгкое','Расчёсы, беспокойство, покраснение кожи','Аллергический зуд','Цетиризин, обработка Стронгхолдом','',2700,'2026-05-31 12:00:00','2026-05-31 12:00:00',0,1 FROM pets LIMIT 1 OFFSET 0;
INSERT INTO visit_items (id,visit_id,item_id,name,type,quantity,price,total,created_at,updated_at,is_deleted,version) VALUES ('d306150e-1d21-429a-9a6e-340885ecbdbc','9b56910b-de7a-422b-8a91-41627ba125bd',NULL,'Первичный приём','service',1,2500,2500,'2026-05-31 12:00:00','2026-05-31 12:00:00',0,1);
INSERT INTO visit_items (id,visit_id,item_id,name,type,quantity,price,total,created_at,updated_at,is_deleted,version) VALUES ('c9d94cdb-586a-4123-84e9-f54a727c57f9','9b56910b-de7a-422b-8a91-41627ba125bd',NULL,'Термометрия','service',1,200,200,'2026-05-31 12:00:00','2026-05-31 12:00:00',0,1);
INSERT INTO visits (id,pet_id,staff_id,visit_type,animal_weight,date,next_visit_date,patient_condition,anamnesis,diagnosis,treatment,notes,total_amount,created_at,updated_at,is_deleted,version) SELECT 'af89efd2-b8a6-4620-bcf6-4d31bcb512e6',id,staff_id,'вторичный',weight,'2026-05-30T10:00:00',NULL,'удовлетворительное','Контрольный визит, швы состоятельны','Контрольный осмотр после операции','Продолжение антибиотикотерапии, снятие швов через 3 дня','',2000,'2026-05-31 12:00:00','2026-05-31 12:00:00',0,1 FROM pets LIMIT 1 OFFSET 2;
INSERT INTO visit_items (id,visit_id,item_id,name,type,quantity,price,total,created_at,updated_at,is_deleted,version) VALUES ('77da805a-f88c-4884-a3c0-4368649fbfc4','af89efd2-b8a6-4620-bcf6-4d31bcb512e6',NULL,'Первичный приём','service',1,2500,2500,'2026-05-31 12:00:00','2026-05-31 12:00:00',0,1);

COMMIT;
PRAGMA foreign_keys=ON;

SELECT COUNT(*) AS owners  FROM owners;
SELECT COUNT(*) AS pets    FROM pets;
SELECT COUNT(*) AS visits  FROM visits;
SELECT COUNT(*) AS vitems  FROM visit_items;
SELECT COUNT(*) AS staff   FROM clinic_staff;